Rk,Player,BPM,G,Draft Team,Round,Pick,Draft Year,College,From,To,Age,G,GS,AS,WS,ORtg,DRtg,OWS,DWS,WS/48,OBPM,DBPM,BPM,VORP,PER,ORB%,DRB%,TRB%,AST%,STL%,BLK%,TOV%,USG%,Pos,Team
1,Joel Embiid,6.7,484,PHI,1,3,2014,Kansas,2016-17,2025-26,22-31,484,484,7,68.4,117,106,41.6,26.8,0.213,5.2,1.5,6.7,33.8,28,7.8,29.4,18.7,21,1.4,4.3,13.1,35.3,C,PHI
2,Shai Gilgeous-Alexander,6.2,511,CHA,1,11,2018,Kentucky,2018-19,2025-26,20-27,511,502,4,71.8,122,111,49.5,22.3,0.204,4.8,1.4,6.2,34.8,24.2,2.4,12.9,7.7,26.5,2.1,2.2,10.1,29.4,G,"LAC,OKC"
3,Anthony Davis,5.8,807,NOH,1,1,2012,Kentucky,2012-13,2025-26,19-32,807,800,10,120.3,118,105,73.8,46.5,0.208,4.3,1.5,5.8,54.9,26.7,8.6,25.5,17.1,12.7,1.9,5.6,9,28.3,F-C,"DAL,LAL,NOH,NOP"
4,Tyrese Haliburton,4.8,333,SAC,1,12,2020,Iowa State,2020-21,2024-25,20-24,333,294,2,37.6,126,117,30.1,7.5,0.164,4.9,-0.1,4.8,18.9,20.6,2.1,10.2,6.2,38.1,2.1,1.5,12.9,21.4,G,"IND,SAC"
5,Robert Williams,4.7,275,BOS,1,27,2018,Texas A&M,2018-19,2025-26,21-28,275,101,0,26.8,141,104,15.8,11,0.238,1.7,3,4.7,9.2,22,13.5,23.9,18.7,10,1.8,7.5,15,12.4,C-F,"BOS,POR"
6,Zion Williamson,4.7,257,NOH,1,1,2019,Duke,2019-20,2025-26,19-25,257,250,2,28.4,121,115,21.1,7.3,0.171,4.6,0.1,4.7,13.5,24.9,7.9,15,11.4,23.4,1.6,2,12.4,30,F-C,NOP
7,Damian Lillard,4.6,900,POR,1,6,2012,Weber State,2012-13,2024-25,22-34,900,900,9,118.4,119,113,98.2,20.2,0.174,5.5,-0.9,4.6,54.5,22.2,1.8,11,6.4,30.7,1.3,0.7,11.7,29,G,"MIL,POR"
8,Karl-Anthony Towns,4.2,700,MIN,1,1,2015,Kentucky,2015-16,2025-26,20-30,700,700,6,91.5,119,109,61.8,29.7,0.185,4,0.2,4.2,37.2,23.6,9.2,27.6,18.4,15.4,1.2,3,12.8,26.8,C-F,"MIN,NYK"
9,Jayson Tatum,3.8,585,BOS,1,3,2017,Duke,2017-18,2024-25,19-26,585,585,6,65.5,115,108,34.7,30.8,0.156,3.2,0.6,3.8,29.4,20.3,2.8,20.1,11.5,18.1,1.6,1.7,10.5,28.5,F,BOS
10,Donovan Mitchell,3.6,594,DEN,1,13,2017,Louisville,2017-18,2025-26,21-29,594,586,7,58.5,113,110,32.8,25.7,0.14,3.5,0.1,3.6,28.7,20.3,2.7,11.3,7.1,23.9,2,0.8,11.1,31.6,G,"CLE,UTA"
11,Domantas Sabonis,3.3,665,ORL,1,11,2016,Gonzaga,2016-17,2025-26,20-29,665,521,3,71,120,111,45.3,25.7,0.167,2.2,1.2,3.3,27.6,20.5,9.9,28.8,19.3,23.7,1.2,1.3,16.5,22,C-F,"IND,OKC,SAC"
12,Chet Holmgren,3.3,166,OKC,1,2,2022,Gonzaga,2023-24,2025-26,21-23,166,166,1,18.8,122,106,9,9.8,0.188,1.7,1.6,3.3,6.4,20.5,6.5,23.9,15.5,10.4,1,7.2,11,21.8,F-C,OKC
13,Ben Simmons,3,383,PHI,1,1,2016,Louisiana State,2017-18,2024-25,21-28,383,344,3,35.4,113,107,16.8,18.6,0.143,0.9,2.1,3,15,18.4,6,19.8,13,34.4,2.3,1.8,20.9,19.8,G-F,"BRK,LAC,PHI"
14,Montrezl Harrell,2.6,515,HOU,2,32,2015,Louisville,2015-16,2022-23,22-29,515,36,0,42.9,125,109,30.5,12.4,0.195,2.3,0.3,2.6,12.2,22.3,9.8,16.8,13.4,10.5,1.2,3.2,10.2,21.9,F-C,"CHO,HOU,LAC,LAL,PHI,WAS"
15,Trae Young,2.6,493,DAL,1,5,2018,Oklahoma,2018-19,2025-26,20-27,493,493,4,44.2,115,118,37.1,7,0.125,4.8,-2.3,2.6,19.5,21.3,1.9,9.1,5.5,44.6,1.4,0.4,16.2,31.8,G,ATL
16,Ja Morant,2.5,327,MEM,1,2,2019,Murray State,2019-20,2025-26,20-26,327,325,2,24.6,112,113,14.5,10.1,0.114,3.2,-0.7,2.5,11.8,20,3,12.4,7.7,36.6,1.5,0.8,14.4,30.7,G,MEM
17,Bam Adebayo,2.5,618,MIA,1,14,2017,Kentucky,2017-18,2025-26,20-28,618,514,3,61.5,116,108,30.7,30.8,0.156,1,1.5,2.5,21.3,19.6,8.1,24.3,16.2,18.6,1.7,2.7,13.5,22.5,C-F,MIA
18,Jalen Brunson,2.4,541,DAL,2,33,2018,Villanova,2018-19,2025-26,22-29,541,391,3,51.8,121,116,39.3,12.4,0.154,3.1,-0.7,2.4,17.8,19.2,1.7,10.1,5.9,27.9,1.2,0.3,10.1,26,G,"DAL,NYK"
19,Jarrett Allen,2.4,615,NJN,1,22,2017,Texas,2017-18,2025-26,19-27,615,550,1,72.2,130,108,45.4,26.7,0.2,1.5,0.9,2.4,19.2,20.6,11.1,24.5,17.9,9,1.2,3.7,12.2,16.9,C-F,"BRK,CLE"
20,Brandon Clarke,2.4,309,OKC,1,21,2019,Gonzaga,2019-20,2025-26,23-29,309,50,0,24.6,128,110,15.6,9.1,0.184,1.3,1.1,2.4,7.1,19.8,9.2,18.6,13.9,9.3,1.7,3.4,8.2,17.4,F,MEM
21,Evan Mobley,2.4,314,CLE,1,3,2021,Southern California,2021-22,2025-26,20-24,314,312,1,32.5,118,109,15.3,17.2,0.153,0.8,1.6,2.4,11.2,18.8,7.8,22.6,15.3,14,1.3,4.5,12.2,21.2,F-C,CLE
22,Derrick White,2.3,549,SAS,1,29,2017,Colorado,2017-18,2025-26,23-31,549,433,0,44.7,119,112,26.2,18.5,0.134,1.5,0.9,2.3,17.6,15.9,2.4,11.4,7,20.8,1.4,3,11.1,19.5,G,"BOS,SAS"
23,Jalen Williams,2.2,241,OKC,1,12,2022,Santa Clara,2022-23,2025-26,21-24,241,228,1,23.1,118,111,12.2,10.9,0.148,1.4,0.8,2.2,8,18.4,2.9,13,8,20.8,2.1,1.7,10.8,23.5,G,OKC
24,Mitchell Robinson,2.2,379,NYK,2,36,2018,,2018-19,2025-26,20-27,379,213,0,39.1,140,107,24.2,14.9,0.21,0.8,1.4,2.2,9.5,20.3,17.1,19.5,18.3,4,1.9,7,11,11.4,C,NYK
25,Draymond Green,2.1,929,GSW,2,35,2012,Michigan State,2012-13,2025-26,22-35,929,774,4,65.6,109,105,20.1,45.6,0.119,-0.7,2.8,2.1,27.7,14.2,4.2,21.3,13,25.8,2.2,2.9,22.4,15.6,F,GSW
26,Desmond Bane,2.1,370,BOS,1,30,2020,TCU,2020-21,2025-26,22-27,370,318,0,30.3,118,114,18.3,12,0.129,2.1,0,2.1,11.7,17.1,2.7,13.3,8,19.3,1.6,1.2,11,23.5,G,"MEM,ORL"
27,Tyrese Maxey,2.1,374,PHI,1,21,2020,Kentucky,2020-21,2025-26,20-25,374,301,2,34.3,119,116,24.3,10,0.133,2.8,-0.7,2.1,12.8,18.6,1.2,9.7,5.4,23.7,1.6,1.1,8,25.9,G,PHI
28,Josh Minott,2.1,126,CHA,2,45,2022,Memphis,2022-23,2025-26,20-23,126,10,0,3.5,126,109,1.8,1.6,0.168,0.3,1.8,2.1,1,16.3,6.9,16.1,11.6,9,2.4,3.3,9.9,15.9,F,"BOS,MIN"
29,Scottie Barnes,2.1,332,TOR,1,4,2021,Florida State,2021-22,2025-26,20-24,332,331,2,24.9,113,113,11.2,13.8,0.104,1.3,0.8,2.1,11.7,17.5,6.9,17.9,12.2,22.2,1.7,3,12.9,22.7,G-F,TOR
30,Cade Cunningham,2.1,258,DET,1,1,2021,Oklahoma State,2021-22,2025-26,20-24,258,258,2,13.7,108,114,4.7,9,0.075,2.3,-0.2,2.1,9,18,2.6,15.3,8.9,38,1.6,1.8,15.3,30.7,G,DET
31,Anthony Edwards,2,430,MIN,1,1,2020,Georgia,2020-21,2025-26,19-24,430,412,4,30.5,110,113,12.5,17.9,0.097,2.3,-0.3,2,15.2,18.2,2.3,14.3,8.4,19.3,1.8,1.6,11.9,29.8,G-F,MIN
32,Jalen Johnson,2,238,ATL,1,20,2021,Duke,2021-22,2025-26,20-24,238,148,1,13.9,114,114,6.5,7.5,0.107,0.9,1.1,2,6.3,17.5,4.6,26,15.1,21.3,1.8,2.1,13.5,21.8,F,ATL
33,Walker Kessler,2,201,MEM,1,22,2022,Auburn,2022-23,2025-26,21-24,201,125,0,17.1,132,113,10.9,6.2,0.161,0.8,1.2,2,5.1,19.9,14.7,24.9,19.9,6.8,0.9,8.3,13.8,13.4,C,UTA
34,Delon Wright,1.9,548,TOR,1,20,2015,Utah,2015-16,2024-25,23-32,548,92,0,28.9,117,110,15.5,13.5,0.124,0,1.9,1.9,11.1,15.1,4.2,11.9,8.1,20.2,2.9,1.4,12.5,14.9,G,"ATL,DAL,DET,MEM,MIA,MIL,NYK,SAC,TOR,WAS"
35,Pascal Siakam,1.9,681,TOR,1,27,2016,New Mexico State,2016-17,2025-26,22-31,681,587,4,58.2,115,112,34.1,24.2,0.131,1.8,0.1,1.9,21.1,18.5,5.3,18.3,11.7,18.3,1.4,1.7,10.3,24.4,F-C,"IND,TOR"
36,Mark Williams,1.9,160,CHA,1,15,2022,Duke,2022-23,2025-26,21-24,160,127,0,15.4,131,111,9.9,5.5,0.195,1.4,0.5,1.9,3.7,22.1,13,26.4,19.6,9,1.6,4.2,11.2,18.5,C,"CHO,PHO"
37,Trayce Jackson-Davis,1.7,169,WAS,2,57,2023,Indiana,2023-24,2025-26,23-25,169,54,0,9.6,130,111,5.9,3.7,0.182,0.7,1,1.7,2.4,19.6,13.3,20,16.6,12.7,1.3,4.9,11.5,16.4,F,"GSW,TOR"
38,Otto Porter Jr.,1.7,527,WAS,1,3,2013,Georgetown,2013-14,2023-24,20-30,527,319,0,36.7,116,107,20.5,16.3,0.132,0.9,0.8,1.7,12.5,15.5,5,16.6,10.8,8.7,2.1,1.4,7.8,16.6,F,"CHI,GSW,ORL,TOR,WAS"
39,Kyle Anderson,1.7,738,SAS,1,30,2014,UCLA,2014-15,2025-26,21-32,738,311,0,40.4,113,107,14.9,25.5,0.122,-0.8,2.4,1.7,14.7,14.2,4,17.8,10.9,17.7,2.3,2.5,13.8,14.6,F-G,"GSW,MEM,MIA,MIN,SAS,UTA"
40,Daniel Gafford,1.7,419,CHI,2,38,2019,Arkansas,2019-20,2025-26,21-27,419,246,0,33.8,134,111,22.7,11.1,0.194,0.4,1.2,1.7,7.8,20.9,11.9,19.2,15.6,7.7,1.3,6.5,13.3,15.9,C-F,"CHI,DAL,WAS"
41,Dereck Lively II,1.6,98,OKC,1,12,2023,Duke,2023-24,2025-26,19-21,98,75,0,8.7,137,112,5.6,3.1,0.187,0.1,1.5,1.6,2,18.7,12.4,20.8,16.6,9.8,1.3,5.6,14.9,13,C,DAL
42,Trey Murphy III,1.5,303,MEM,1,17,2021,Virginia,2021-22,2025-26,21-25,303,192,0,23.3,123,117,16.3,7.1,0.129,2.1,-0.5,1.5,7.8,16.4,3.1,13.1,8.1,11.3,1.7,1.5,7.6,19.8,F,NOP
43,Payton Pritchard,1.5,403,BOS,1,26,2020,Oregon,2020-21,2025-26,23-28,403,65,0,27.3,125,115,18.5,8.9,0.148,1.7,-0.2,1.5,7.8,15.6,3.9,10.7,7.3,19.1,1.3,0.4,9.2,18.8,G,BOS
44,Nic Claxton,1.4,363,NJN,2,31,2019,Georgia,2019-20,2025-26,20-26,363,280,0,30.7,125,111,17.4,13.4,0.154,0,1.4,1.4,8.3,18.6,9.5,23.2,16.2,12.2,1.3,5.6,11.8,15.9,C,BRK
45,Jalen Duren,1.4,252,CHA,1,13,2022,Memphis,2022-23,2025-26,19-22,252,215,1,25,128,112,15.7,9.3,0.178,1,0.5,1.4,5.9,20.3,14.2,28.5,21.3,11.3,1.2,3.1,15.7,17.6,C,DET
46,Bradley Beal,1.4,807,WAS,1,3,2012,Florida,2012-13,2025-26,19-32,807,758,3,58.4,110,113,38.1,20.3,0.101,2.3,-0.9,1.4,23.7,18,2.8,10.3,6.5,20.5,1.6,1,11.3,27,G,"LAC,PHO,WAS"
47,Immanuel Quickley,1.4,379,OKC,1,25,2020,Kentucky,2020-21,2025-26,21-26,379,153,0,26.5,118,115,17.1,9.4,0.126,1.6,-0.2,1.4,8.7,16.2,1.9,12.7,7.2,22.9,1.5,0.4,9.5,22.8,G,"NYK,TOR"
48,Dejounte Murray,1.4,504,SAS,1,29,2016,Washington,2016-17,2025-26,20-29,504,433,1,26.1,108,112,9.5,16.6,0.085,0.7,0.7,1.4,12.6,17.3,3.3,18.3,10.7,27.8,2.4,0.8,12.6,24.5,G,"ATL,NOP,SAS"
49,Malcolm Brogdon,1.3,463,MIL,2,36,2016,Virginia,2016-17,2024-25,24-32,463,296,0,33.4,115,113,22.3,11.1,0.119,1.7,-0.4,1.3,11.2,16.9,3,12.6,7.8,24.3,1.3,0.7,11.3,22.4,G,"BOS,IND,MIL,POR,WAS"
50,Paul Reed,1.3,301,PHI,2,58,2020,DePaul,2020-21,2025-26,21-26,301,36,0,13.9,121,106,6.3,7.7,0.175,-0.6,1.9,1.3,3.1,19.1,14.7,20.9,17.8,9.8,3,5.3,13.1,17.1,C-F,"DET,PHI"
51,Jamal Murray,1.2,589,DEN,1,7,2016,Kentucky,2016-17,2025-26,19-28,589,515,1,44.7,115,115,30.8,13.9,0.115,2.3,-1.1,1.2,15.3,17.6,2.6,10.7,6.7,23.3,1.6,1,11.2,25,G,DEN
52,Cameron Johnson,1.2,374,MIN,1,11,2019,North Carolina,2019-20,2025-26,23-29,374,215,0,24.9,120,114,15.5,9.3,0.119,1.4,-0.2,1.2,8.2,14.7,3.2,13,8.1,10.9,1.5,1.1,7.9,18.6,F,"BRK,DEN,PHO"
53,Jakob Poeltl,1.2,619,TOR,1,9,2016,Utah,2016-17,2025-26,21-30,619,364,0,46.1,124,110,27.6,18.4,0.159,0.2,1,1.2,11.2,18.9,12.9,21.1,16.9,11.8,1.4,4.8,14.8,15.7,C,"SAS,TOR"
54,Mason Plumlee,1.2,874,NJN,1,22,2013,Duke,2013-14,2025-26,23-35,874,480,0,58.2,119,108,34.1,24.1,0.148,-0.2,1.4,1.2,15.2,17.5,10.4,23.5,16.9,15.8,1.6,3.2,17.5,16,C-F,"BRK,CHO,DEN,DET,LAC,PHO,POR"
55,Lauri Markkanen,1.2,492,MIN,1,7,2017,Arizona,2017-18,2025-26,20-28,492,466,1,36.8,117,115,25,11.8,0.115,2.4,-1.2,1.2,12.1,17.7,5,19.8,12.4,7.7,1.1,1.4,8.1,23.6,F-C,"CHI,CLE,UTA"
56,Jaylin Williams,1.1,209,OKC,2,34,2022,Arkansas,2022-23,2025-26,20-23,209,54,0,9.8,118,108,3.6,6.3,0.137,-0.8,1.9,1.1,2.7,13.1,4.9,24.8,15.1,15.1,1.4,2.7,13.1,14.2,F,OKC
57,Donte DiVincenzo,1.1,475,MIL,1,17,2018,Villanova,2018-19,2025-26,22-29,475,259,0,28.4,114,111,12,16.4,0.11,0.2,1,1.1,9.9,13.6,3.9,13.6,8.8,15.9,2.2,1,13,17.9,G,"GSW,MIL,MIN,NYK,SAC"
58,Larry Nance Jr.,1.1,572,LAL,1,27,2015,Wyoming,2015-16,2025-26,23-33,572,139,0,35,121,110,20.7,14.4,0.13,-0.1,1.2,1.1,10.1,16,8.6,20.7,14.6,11.7,2.4,1.9,12.5,13.8,F-C,"ATL,CLE,LAL,NOP,POR"
59,Devin Booker,1.1,717,PHO,1,13,2015,Kentucky,2015-16,2025-26,19-29,717,692,5,55.5,113,116,41.2,14.4,0.108,2.5,-1.4,1.1,19.2,18.9,2.1,10.9,6.5,25.6,1.2,0.7,12.6,30.2,G,PHO
60,CJ McCollum,1.1,842,POR,1,10,2013,Lehigh,2013-14,2025-26,22-34,842,729,0,53.6,111,115,36.6,17,0.096,2.2,-1.1,1.1,20.9,17.2,2.2,10.1,6.2,19.5,1.4,1.1,9.3,26.2,G,"ATL,NOP,POR,WAS"
61,Julius Randle,1.1,769,LAL,1,7,2014,Kentucky,2014-15,2025-26,20-31,769,689,3,56.2,111,111,29,27.2,0.109,1.3,-0.2,1.1,19.1,18.2,6.6,23.8,15.1,19.9,1.1,1.1,14,26.6,F-C,"LAL,MIN,NOP,NYK"
62,Michael Porter Jr.,1,390,DEN,1,14,2018,Missouri,2019-20,2025-26,21-27,390,336,0,29.7,119,115,18.4,11.3,0.124,2.3,-1.3,1,8.8,17.5,5.3,19.2,12.3,8.5,1.1,1.7,8.5,22.4,F,"BRK,DEN"
63,Obi Toppin,1,365,NYK,1,8,2020,Dayton,2020-21,2025-26,22-27,365,47,0,16.6,121,114,10.3,6.3,0.126,1.1,-0.1,1,4.8,16.1,4.7,17.2,10.9,9.9,1.2,1.9,9.4,18.8,F,"IND,NYK"
64,Thomas Bryant,1,374,UTA,2,42,2017,Indiana,2017-18,2025-26,20-28,374,146,0,21.9,127,112,15.2,6.7,0.166,1.4,-0.4,1,4.8,19.3,8.6,22.8,15.7,8.3,0.9,3.5,9.4,18,C,"CLE,DEN,IND,LAL,MIA,WAS"
65,Andre Drummond,1,948,DET,1,9,2012,Connecticut,2012-13,2025-26,19-32,948,685,2,79.2,110,102,30.5,48.7,0.152,0.5,0.4,1,18.8,21.5,16.8,33.7,25,7.4,2.3,4,13.5,21.5,C,"BRK,CHI,CLE,DET,LAL,PHI"
66,Matisse Thybulle,1,354,BOS,1,20,2019,Washington,2019-20,2025-26,22-28,354,124,0,14.5,111,109,3.1,11.4,0.095,-2.5,3.4,1,5.5,10.9,3.1,7.9,5.5,7.2,3.7,3.4,11.5,10.4,G,"PHI,POR"
67,De'Aaron Fox,1,579,SAC,1,5,2017,Kentucky,2017-18,2025-26,20-28,579,565,2,38.3,111,115,22.8,15.4,0.096,1.6,-0.6,1,14.3,18.5,2,11.1,6.5,29.2,2.1,1.1,12.4,28.1,G,"SAC,SAS"
68,Mikal Bridges,0.9,615,PHI,1,10,2018,Villanova,2018-19,2025-26,22-29,615,548,0,48.3,119,114,29,19.3,0.113,0.6,0.3,0.9,15.3,14.6,3,10.3,6.6,12.3,1.7,1.6,8.9,17.8,F-G,"BRK,NYK,PHO"
69,Franz Wagner,0.9,319,ORL,1,8,2021,Michigan,2021-22,2025-26,20-24,319,317,0,24.1,114,114,12.7,11.4,0.112,1,0,0.9,7.7,17.2,3.5,13.9,8.6,19.1,1.6,1,10.2,25.2,G-F,ORL
70,Kyle O'Quinn,0.9,472,ORL,2,49,2012,Norfolk State,2012-13,2019-20,22-29,472,65,0,17.8,109,104,7.7,10.2,0.128,-0.9,1.8,0.9,5,17.9,10.3,25.4,17.9,14.8,1.4,5.5,16.5,18.4,F-C,"IND,NYK,ORL,PHI"
71,Paolo Banchero,0.9,245,ORL,1,1,2022,Duke,2022-23,2025-26,20-23,245,245,1,14.3,108,113,3.3,11,0.081,1.1,-0.2,0.9,6.3,17.2,3.6,21,12.1,22.5,1.1,1.6,12.5,29.3,F,ORL
72,Santi Aldama,0.9,278,UTA,1,30,2021,Loyola (MD),2021-22,2025-26,21-25,278,82,0,14.9,116,113,6.8,8.1,0.11,0.4,0.5,0.9,4.8,14.7,5.7,19.2,12.4,12.4,1.3,2.4,9.6,18,F-C,MEM
73,Nerlens Noel,0.9,467,NOH,1,6,2013,Kentucky,2014-15,2022-23,20-28,467,223,0,28.3,109,101,8.7,19.6,0.132,-1.8,2.7,0.9,7.4,16.5,9.3,21,15,7.8,2.8,5.7,16.9,14.9,C-F,"BRK,DAL,DET,NYK,OKC,PHI"
74,Kelly Olynyk,0.8,832,DAL,1,13,2013,Gonzaga,2013-14,2025-26,22-34,832,283,0,46.8,114,109,24.8,22,0.123,0,0.8,0.8,13,15.7,5.9,19.2,12.6,16.5,1.7,1.8,16,19.3,C-F,"BOS,DET,HOU,MIA,NOP,SAS,TOR,UTA"
75,Lonzo Ball,0.8,322,LAL,1,2,2017,UCLA,2017-18,2025-26,20-28,322,256,0,13.3,104,110,2,11.4,0.066,-0.3,1.1,0.8,6.9,13,3.5,15.3,9.4,25.2,2.4,1.7,17.9,17.7,G,"CHI,CLE,LAL,NOP"
76,Sandro Mamukelashvili,0.8,247,IND,2,54,2021,Seton Hall,2021-22,2025-26,22-26,247,26,0,9.5,122,115,5.9,3.6,0.133,1.2,-0.4,0.8,2.5,16.7,9.2,18.5,13.8,12,1.3,2.2,9.5,18.4,C-F,"MIL,SAS,TOR"
77,Jaren Jackson Jr.,0.8,455,MEM,1,4,2018,Michigan State,2018-19,2025-26,19-26,455,446,2,30.8,111,109,11.2,19.6,0.113,0,0.8,0.8,9.2,17.9,4.8,16,10.3,8.5,1.7,5.9,10.6,26.2,F,"MEM,UTA"
78,Jonathan Isaac,0.8,324,ORL,1,6,2017,Florida State,2017-18,2025-26,20-28,324,109,0,14.8,109,105,3.4,11.4,0.116,-1.1,1.8,0.8,4.3,15,7.5,19.7,13.5,5.8,2.3,5.7,10.1,16.3,F,ORL
79,Tari Eason,0.7,195,HOU,1,17,2022,Louisiana State,2022-23,2025-26,21-24,195,41,0,10.9,114,110,3.9,7,0.115,-0.2,1,0.7,3.1,16.4,10.3,19,14.6,8,2.9,2.7,11.2,19.5,F,HOU
80,Tyler Herro,0.7,375,MIA,1,13,2019,Kentucky,2019-20,2025-26,20-26,375,227,1,20.9,109,113,8.3,12.6,0.083,1.6,-0.8,0.7,8.4,16,1.5,15.8,8.7,20.5,1.1,0.6,11.6,26.3,G,MIA
81,Ty Jerome,0.7,236,PHI,1,24,2019,Virginia,2019-20,2025-26,22-28,236,17,0,10.7,118,115,6.9,3.9,0.12,0.6,0.2,0.7,3,15.5,2.5,9.6,6.1,23.7,2,0.5,11.5,20.4,G,"CLE,GSW,MEM,OKC,PHO"
82,Dwight Powell,0.7,746,CHA,2,45,2014,Stanford,2014-15,2025-26,23-34,746,261,0,49.5,132,110,34.2,15.2,0.181,-0.1,0.8,0.7,9.1,17,9.6,16.9,13.2,8.5,1.7,2.1,11.7,14.1,F-C,"BOS,DAL"
83,Neemias Queta,0.7,164,SAC,2,39,2021,Utah State,2021-22,2025-26,22-26,164,59,0,11,132,109,6.4,4.6,0.197,-0.5,1.3,0.7,1.9,18.7,13.3,21.2,17.3,8,1.5,5.1,12.9,14.9,C,"BOS,SAC"
84,Cason Wallace,0.7,206,DAL,1,10,2023,Kentucky,2023-24,2025-26,20-22,206,102,0,13,117,109,4.4,8.6,0.123,-1.5,2.2,0.7,3.5,12.1,3.8,8.8,6.4,10.8,3,1.7,10.1,13.3,G,OKC
85,Myles Turner,0.7,694,IND,1,11,2015,Texas,2015-16,2025-26,19-29,694,661,0,51.5,113,108,23.1,28.4,0.124,-0.2,0.9,0.7,13.6,17.1,5.4,20.4,13,6.5,1.2,6.5,10.6,19.9,C-F,"IND,MIL"
86,Victor Oladipo,0.7,504,ORL,1,2,2013,Indiana,2013-14,2022-23,21-30,504,397,2,25.6,103,107,6.8,18.8,0.076,0.2,0.4,0.7,11,16,2,13.6,7.7,19.6,2.5,1.2,13.7,25.2,G,"HOU,IND,MIA,OKC,ORL"
87,Josh Hart,0.7,577,UTA,1,30,2017,Villanova,2017-18,2025-26,22-30,577,322,0,40.8,118,112,21,19.8,0.111,-0.4,1.1,0.7,11.8,13.5,4.7,20.8,12.8,15,1.7,1,13.8,14.6,F-G,"LAL,NOP,NYK,POR"
88,Jeremy Lamb,0.6,573,HOU,1,12,2012,Connecticut,2012-13,2021-22,20-29,573,136,0,26.8,110,109,13.9,12.9,0.108,0.4,0.2,0.6,7.9,15.6,2.8,16.3,9.5,11.9,1.7,1.5,8,21.3,G-F,"CHO,IND,OKC,SAC"
89,Deandre Ayton,0.6,447,PHO,1,1,2018,Arizona,2018-19,2025-26,20-27,447,440,0,41.6,119,111,24,17.6,0.146,0.9,-0.3,0.6,9,19.8,10.9,26.6,18.7,8.2,1.1,2.8,11.5,20.7,C,"LAL,PHO,POR"
90,Khris Middleton,0.6,815,DET,2,39,2012,Texas A&M,2012-13,2025-26,21-34,815,708,3,58.5,112,110,34.1,24.4,0.113,0.8,-0.2,0.6,16.3,16.6,2.3,14.3,8.5,19.8,1.9,0.6,12.6,23.4,F-G,"DAL,DET,MIL,WAS"
91,John Collins,0.6,525,ATL,1,19,2017,Wake Forest,2017-18,2025-26,20-28,525,454,0,42.8,121,114,29.7,13,0.135,1.1,-0.5,0.6,9.9,18.6,8,21.3,14.7,7.8,1.1,3,10.8,20.6,F,"ATL,LAC,UTA"
92,Jaylen Brown,0.6,654,BOS,1,3,2016,California,2016-17,2025-26,20-29,654,547,5,45.4,110,110,18.6,26.8,0.108,0.8,-0.3,0.6,13.1,17.3,3.6,15.4,9.6,15,1.6,1.1,11.4,27.6,F-G,BOS
93,D'Angelo Russell,0.6,655,LAL,1,2,2015,Ohio State,2015-16,2025-26,19-29,655,539,1,26.6,107,114,13.1,13.4,0.066,1.7,-1.2,0.6,12.4,16.1,1.7,10.6,6.1,30.9,1.7,0.9,14.2,26.4,G,"BRK,DAL,GSW,LAL,MIN"
94,Zach LaVine,0.5,693,MIN,1,13,2014,UCLA,2014-15,2025-26,19-30,693,602,2,38.6,110,115,25.6,13,0.082,1.9,-1.4,0.5,14.6,17.2,1.5,12.3,6.8,19.4,1.3,0.8,12.9,26.9,G-F,"CHI,MIN,SAC"
95,Terrence Jones,0.5,234,HOU,1,18,2012,Kentucky,2012-13,2018-19,21-27,234,118,0,14.7,111,105,7.7,7,0.127,0.4,0.1,0.5,3.6,17.1,8,18.1,13.2,7,1.3,3.8,8.9,19.2,F,"HOU,MIL,NOP"
96,Jeff Withey,0.5,207,POR,2,39,2013,Kansas,2013-14,2017-18,23-27,207,15,0,6.8,118,103,3.7,3.1,0.157,-0.7,1.2,0.5,1.3,16.9,10.2,18.8,14.5,4.8,1.4,6.2,11.7,14.5,C,"DAL,NOP,UTA"
97,Isaiah Joe,0.5,371,PHI,2,49,2020,Arkansas,2020-21,2025-26,21-26,371,34,0,17.5,122,113,9.9,7.6,0.129,0.8,-0.3,0.5,4.1,13.3,2.4,10.4,6.5,8.9,1.5,0.8,7.1,17.2,G,"OKC,PHI"
98,Steven Adams,0.5,796,OKC,1,12,2013,Pittsburgh,2013-14,2025-26,20-32,796,655,0,63.8,119,107,35.4,28.4,0.15,0.2,0.3,0.5,12.8,17,15.3,18.3,16.9,8.1,1.6,3,15.9,14.5,C,"HOU,MEM,NOP,OKC"
99,Onyeka Okongwu,0.4,361,ATL,1,6,2020,Southern California,2020-21,2025-26,20-25,361,119,0,28.8,129,114,19,9.7,0.16,0.1,0.3,0.4,5.3,18.1,10.8,20.8,15.7,9.2,1.5,3.9,11.7,16.3,C-F,ATL
100,Aaron Gordon,0.4,743,ORL,1,4,2014,Arizona,2014-15,2025-26,19-30,743,642,0,49.2,113,112,27.9,21.3,0.109,0.8,-0.4,0.4,13.2,16.1,6.6,16.9,11.7,13.6,1.2,1.8,10.8,20.2,F,"DEN,ORL"
101,Sam Merrill,0.4,208,NOH,2,60,2020,Utah State,2020-21,2025-26,24-29,208,30,0,9.6,125,116,6.2,3.3,0.124,0.7,-0.2,0.4,2.3,12.6,2.7,9.1,6,11.6,1.3,0.6,6.9,16,G,"CLE,MEM,MIL"
102,De'Anthony Melton,0.4,387,HOU,2,46,2018,Southern California,2018-19,2025-26,20-27,387,155,0,15.1,107,110,2.6,12.4,0.082,-1.1,1.5,0.4,5.3,13.5,3.5,14,8.7,16.7,3,1.9,13.8,18.9,G,"GSW,MEM,PHI,PHO"
103,Tyus Jones,0.4,736,CLE,1,24,2015,Duke,2015-16,2025-26,19-29,736,228,0,35,120,115,23.9,11.1,0.11,0.3,0.1,0.4,9.3,14.7,1.4,8.8,5.1,28.3,2.2,0.4,10.3,15.6,G,"DAL,MEM,MIN,ORL,PHO,WAS"
104,Moritz Wagner,0.3,380,LAL,1,25,2018,Michigan,2018-19,2025-26,21-28,380,57,0,17.7,118,112,10.2,7.5,0.136,0.1,0.2,0.3,3.7,17.4,6.7,19.9,13.2,11.5,1.5,1.6,13.4,21.8,F-C,"BOS,LAL,ORL,WAS"
105,Kevon Looney,0.3,617,GSW,1,30,2015,UCLA,2015-16,2025-26,19-29,617,268,0,38,131,109,22.7,15.3,0.173,-0.7,1.1,0.3,6.2,15.6,13.9,21.9,17.9,12.3,1.4,2.8,12.2,11.8,F-C,"GSW,NOP"
106,Charles Bassey,0.3,116,PHI,2,53,2021,Western Kentucky,2021-22,2025-26,21-25,116,3,0,3.9,121,111,2,1.9,0.144,-1.1,1.5,0.3,0.8,18.9,15.2,26.9,20.9,10.4,1.6,6.6,18.5,15.6,C,"MEM,PHI,SAS"
107,OG Anunoby,0.3,537,TOR,1,23,2017,Indiana,2017-18,2025-26,20-28,537,463,0,34.8,113,111,15,19.8,0.102,-0.4,0.6,0.3,9.4,13.6,4.1,12.1,8,8.2,2.1,1.9,10.9,17.8,F,"NYK,TOR"
108,Gorgui Dieng,0.2,628,UTA,1,21,2013,Louisville,2013-14,2022-23,24-33,628,209,0,30.7,113,108,17,13.7,0.117,-0.4,0.7,0.2,7.1,16.2,9.2,22.4,15.7,9.8,1.8,3.6,14.6,16.2,C,"ATL,MEM,MIN,SAS"
109,Norman Powell,0.2,665,MIL,2,46,2015,UCLA,2015-16,2025-26,22-32,665,307,1,36.3,114,113,20.7,15.5,0.106,0.6,-0.3,0.2,9.3,15.4,1.6,10.6,6.1,10,1.7,1,10.2,22.6,G,"LAC,MIA,POR,TOR"
110,Monte Morris,0.2,426,DEN,2,51,2017,Iowa State,2017-18,2025-26,22-30,426,166,0,24.7,121,115,17.3,7.4,0.12,0.5,-0.3,0.2,5.6,14.8,1.6,9.4,5.6,21.7,1.5,0.7,8,16.9,G,"DEN,DET,IND,MIN,PHO,WAS"
111,Buddy Hield,0.2,759,NOH,1,6,2016,Oklahoma,2016-17,2025-26,24-33,759,437,0,28.8,109,115,14.7,14,0.066,1.3,-1.1,0.2,11.7,14.3,2.8,13.3,8,13.1,1.5,1,11,22.3,G-F,"ATL,GSW,IND,NOP,PHI,SAC"
112,Brandin Podziemski,0.2,196,GSW,1,19,2023,Santa Clara,2023-24,2025-26,20-22,196,80,0,11.7,116,114,5.5,6.2,0.107,-0.3,0.5,0.2,2.9,13.8,4.8,16.8,10.7,18.7,1.8,0.7,11.5,17.5,G,GSW
113,Grayson Allen,0.2,440,UTA,1,21,2018,Duke,2018-19,2025-26,23-30,440,278,0,25.4,120,116,16,9.5,0.108,0.4,-0.2,0.2,6.3,13.1,2.3,10.3,6.4,11.6,1.5,1,10.4,16.8,G,"MEM,MIL,PHO,UTA"
114,Jordan Bell,0.2,161,CHI,2,38,2017,Oregon,2017-18,2021-22,23-27,161,17,0,4.9,113,107,2.1,2.8,0.121,-1.4,1.5,0.2,1.1,15,8.9,18.6,13.9,13.7,1.5,5.1,18.6,14.1,F,"CHI,GSW,MEM,MIN,WAS"
115,Darius Garland,0.2,408,CLE,1,5,2019,Vanderbilt,2019-20,2025-26,20-26,408,404,2,26,112,115,14.8,11.3,0.093,1.6,-1.4,0.2,7.4,16.2,1.7,7.2,4.5,31.6,1.7,0.3,15.1,25.7,G,CLE
116,Terry Rozier,0.2,665,BOS,1,16,2015,Louisville,2015-16,2024-25,21-30,665,381,0,30.6,109,113,13.8,16.8,0.08,0.6,-0.4,0.2,10.1,14.7,2.6,13,7.7,19.8,1.6,0.8,9.4,22.6,G,"BOS,CHO,MIA"
117,Brandon Ingram,0.1,551,LAL,1,2,2016,Duke,2016-17,2025-26,19-28,551,512,2,30.6,109,114,15.7,14.9,0.081,0.8,-0.7,0.1,9.9,16.1,2.4,14.9,8.6,20.3,1.1,1.6,12.7,25.8,F,"LAL,NOP,TOR"
118,Jae Crowder,0.1,812,CLE,2,34,2012,Marquette,2012-13,2024-25,22-34,812,436,0,43,110,108,18.7,24.3,0.102,-0.5,0.7,0.1,10.9,12.5,3.1,15.2,9.2,8.9,1.9,1.1,9,16.2,F,"BOS,CLE,DAL,MEM,MIA,MIL,PHO,SAC,UTA"
119,Richaun Holmes,0.1,489,PHI,2,37,2015,Bowling Green,2015-16,2024-25,22-31,489,178,0,30.7,125,111,21.3,9.4,0.158,-0.1,0.2,0.1,5,18.5,9.9,20.7,15.3,7.9,1.3,4.1,11.1,16.7,C-F,"DAL,PHI,PHO,SAC,WAS"
120,Luka Garza,0.1,172,DET,2,52,2021,Iowa,2021-22,2025-26,23-27,172,9,0,6.6,128,115,4.9,1.7,0.183,1.3,-1.2,0.1,0.9,19.4,15.9,12.1,14,8.7,1.2,1.8,8.9,21.3,F-C,"BOS,DET,MIN"
121,Miles Bridges,0.1,478,LAC,1,12,2018,Michigan State,2018-19,2025-26,20-27,478,373,0,25.8,112,115,14.1,11.7,0.084,0.6,-0.5,0.1,7.6,15.5,3.8,18.2,10.9,14.2,1.2,2,10.1,21.9,G-F,CHO
122,Day'Ron Sharpe,0,246,PHO,1,29,2021,North Carolina,2021-22,2025-26,20-24,246,20,0,11.8,119,111,6.4,5.3,0.149,-0.2,0.3,0,2,19.9,18.5,24.5,21.3,14.9,2,3.8,17.1,19.7,C,BRK
123,Luke Kennard,0,513,DET,1,12,2017,Duke,2017-18,2025-26,21-29,513,122,0,26.5,119,115,17,9.6,0.107,0.3,-0.3,0,6,13,1.5,11.6,6.5,13.9,1.2,0.5,10.8,16.3,G,"ATL,DET,LAC,LAL,MEM"
124,Ryan Rollins,0,135,ATL,2,44,2022,Toledo,2022-23,2025-26,20-23,135,68,0,4.6,111,115,1.8,2.9,0.082,-0.2,0.2,0,1.4,15.3,2.9,12.7,7.9,22.8,2.4,1.6,15.4,22.3,G,"GSW,MIL,WAS"
125,Mo Bamba,0,366,ORL,1,6,2018,Texas,2018-19,2025-26,20-27,366,101,0,15.6,112,107,5.5,10.1,0.122,-1.1,1,0,3.1,16.3,9.6,25.4,17.4,7.5,1.1,6.9,11.7,17.4,C,"LAC,LAL,NOP,ORL,PHI,TOR"
126,Jalen Smith,-0.1,317,PHO,1,10,2020,Maryland,2020-21,2025-26,20-25,317,71,0,14.4,120,114,8.8,5.6,0.131,0.9,-1,-0.1,2.5,17.9,10.8,25.2,18.1,7.5,0.8,3.6,9.7,20.2,F,"CHI,IND,PHO"
127,Willie Cauley-Stein,-0.1,422,SAC,1,6,2015,Kentucky,2015-16,2021-22,22-28,422,255,0,23.3,114,108,12.5,10.9,0.121,-0.8,0.7,-0.1,4.4,16.6,8,21.3,14.5,9.8,1.8,3.2,10.5,17.1,F-C,"DAL,GSW,PHI,SAC"
128,Spencer Dinwiddie,-0.1,621,DET,2,38,2014,Colorado,2014-15,2024-25,21-31,621,345,0,36,114,115,24.5,11.5,0.1,0.5,-0.6,-0.1,8.1,14.7,1.6,10,5.8,27.3,1.3,0.8,12,21,G,"BRK,DAL,DET,LAL,WAS"
129,Jarred Vanderbilt,-0.2,357,ORL,2,41,2018,Kentucky,2018-19,2025-26,19-26,357,173,0,18.2,120,111,8.3,9.8,0.123,-1.4,1.2,-0.2,3.2,14.4,10.7,22.7,16.7,9.4,2.5,1.9,16.6,12.4,F,"DEN,LAL,MIN,UTA"
130,Caris LeVert,-0.2,563,IND,1,20,2016,Michigan,2016-17,2025-26,22-31,563,223,0,25.2,108,112,9.2,16,0.079,-0.3,0.1,-0.2,7,14.5,2.7,11.9,7.3,21.8,1.8,1.3,12,22.6,G-F,"ATL,BRK,CLE,DET,IND"
131,Xavier Tillman Sr.,-0.2,279,SAC,2,35,2020,Michigan State,2020-21,2025-26,22-27,279,61,0,10.2,114,109,3.5,6.7,0.114,-1.7,1.5,-0.2,1.9,14.1,8.7,16.4,12.5,10.2,2.5,2.7,11.9,14.5,F,"BOS,CHO,MEM"
132,Frank Kaminsky,-0.2,413,CHA,1,9,2015,Wisconsin,2015-16,2022-23,22-29,413,49,0,15.9,109,110,8,7.9,0.094,0,-0.3,-0.2,3.7,14.2,4,17.3,10.6,12.2,1.1,1.5,8.5,20,F-C,"ATL,CHO,HOU,PHO"
133,Tre Jones,-0.2,339,SAS,2,41,2020,Duke,2020-21,2025-26,21-26,339,154,0,18.2,123,118,13.4,4.8,0.116,-0.2,0,-0.2,3.4,15.7,2.9,10.6,6.7,29.6,1.9,0.5,12.6,16.5,G,"CHI,SAS"
134,Mike Muscala,-0.2,548,DAL,2,44,2013,Bucknell,2013-14,2023-24,22-32,548,45,0,19.2,115,110,10.4,8.8,0.112,-0.3,0.1,-0.2,3.7,13.5,5.7,16.6,11.2,8.2,1,2.6,9.9,16,F-C,"ATL,BOS,DET,LAL,OKC,PHI,WAS"
135,Jaxson Hayes,-0.3,414,ATL,1,8,2019,Texas,2019-20,2025-26,19-25,414,94,0,23.2,132,113,15.8,7.4,0.163,-0.7,0.4,-0.3,3,16.9,9.1,17.1,13.2,6.3,1.3,3.7,12.4,14.5,F,"LAL,NOP"
136,Wendell Carter Jr.,-0.4,438,CHI,1,7,2018,Duke,2018-19,2025-26,19-26,438,400,0,31.3,116,111,15.3,16,0.124,-0.7,0.3,-0.4,5,15.9,9,24.2,16.5,11.1,1.2,2.4,12.8,18.1,C,"CHI,ORL"
137,Bol Bol,-0.4,202,MIA,2,44,2019,Oregon,2019-20,2024-25,20-25,202,45,0,5,110,112,1.4,3.6,0.088,-0.8,0.4,-0.4,1.1,15.5,5.4,23.5,14.5,6.8,1,5.3,15,18.6,F-C,"DEN,ORL,PHO"
138,Cam Whitmore,-0.4,119,HOU,1,20,2023,Villanova,2023-24,2025-26,19-21,119,5,0,3.4,109,114,0.9,2.5,0.078,0.5,-0.9,-0.4,0.8,15.7,5.1,15.2,10.1,7.3,1.8,1.7,8.8,25.3,F,"HOU,WAS"
139,Jared Sullinger,-0.4,269,BOS,1,21,2012,Ohio State,2012-13,2016-17,20-24,269,172,0,15.3,105,103,6.2,9.2,0.113,-0.1,-0.3,-0.4,2.7,16.2,11.5,22.7,17,12,1.4,1.9,10.2,22,F,"BOS,TOR"
140,Moussa Diabaté,-0.4,155,LAC,2,43,2022,Michigan,2022-23,2025-26,21-24,155,34,0,9,130,113,5.6,3.5,0.155,-0.4,0,-0.4,1.2,17.1,16.6,20.9,18.7,7.6,1.7,3.4,13.9,12.9,F,"CHO,LAC"
141,Will Barton,-0.4,679,POR,2,40,2012,Memphis,2012-13,2022-23,22-32,679,286,0,26.5,107,111,12.7,13.8,0.074,0.1,-0.5,-0.4,6.9,13.9,3.1,15.1,9.1,15.7,1.5,1.4,11.7,20.6,G,"DEN,POR,TOR,WAS"
142,T.J. Warren,-0.4,385,PHO,1,14,2014,NC State,2014-15,2023-24,21-30,385,236,0,20.9,112,112,13.9,7,0.097,0.4,-0.8,-0.4,4.1,16.4,5,11,8,7.1,1.6,1.4,7,21.7,F,"BRK,IND,MIN,PHO"
143,Tony Bradley,-0.4,231,LAL,1,28,2017,North Carolina,2017-18,2025-26,20-28,231,21,0,8.9,127,110,5.6,3.3,0.17,-0.2,-0.2,-0.4,1,18.5,15.4,22.7,19.1,6.9,1,3.9,13.6,15.5,F-C,"CHI,IND,OKC,PHI,UTA"
144,Bobby Portis,-0.4,708,CHI,1,22,2015,Arkansas,2015-16,2025-26,20-30,708,162,0,36.3,112,111,17.2,19.1,0.107,0.7,-1.1,-0.4,6.6,17.2,8.8,24.4,16.7,9,1.3,1.4,9.1,22.4,F-C,"CHI,MIL,NYK,WAS"
145,Jerami Grant,-0.4,762,PHI,2,39,2014,Syracuse,2014-15,2025-26,20-31,762,458,0,39.4,112,113,21.1,18.2,0.089,-0.2,-0.2,-0.4,8.3,14,3.2,12.3,7.6,9.2,1.2,3.1,10,20.1,F,"DEN,DET,OKC,PHI,POR"
146,Jalen Suggs,-0.4,245,ORL,1,5,2021,Gonzaga,2021-22,2025-26,20-24,245,208,0,7.6,103,111,-1.8,9.4,0.056,-1.6,1.1,-0.4,2.5,13.2,3,11.7,7.3,20.8,2.6,2.2,16.4,22.7,G,ORL
147,Miles McBride,-0.4,271,OKC,2,36,2021,West Virginia,2021-22,2025-26,21-25,271,42,0,10.4,118,116,5.8,4.6,0.099,-1,0.5,-0.4,2,11.8,2.6,7.3,4.9,13.9,2,0.7,6.8,16.3,G,NYK
148,John Henson,-0.5,445,MIL,1,14,2012,North Carolina,2012-13,2019-20,22-29,445,160,0,20.7,109,105,9.5,11.2,0.113,-1.1,0.6,-0.5,3.4,17.1,10.4,20.5,15.4,9.1,1.2,6.2,14,18.1,C-F,"CLE,DET,MIL"
149,Quentin Grimes,-0.5,295,LAC,1,25,2021,Houston,2021-22,2025-26,21-25,295,134,0,13.6,116,117,7.6,6,0.087,-0.3,-0.1,-0.5,2.9,12.6,2.6,11.3,6.9,13.1,1.5,1.1,11.7,17.7,G-F,"DAL,DET,NYK,PHI"
150,Pat Connaughton,-0.5,620,NJN,2,41,2015,Notre Dame,2015-16,2025-26,23-33,620,72,0,25,117,112,12.2,12.8,0.103,-0.8,0.3,-0.5,4.5,11.2,3.9,14.4,9.3,9.5,1.2,1.2,9.4,13,G,"CHO,MIL,POR"
151,Devin Vassell,-0.5,347,SAS,1,11,2020,Florida State,2020-21,2025-26,20-25,347,228,0,14.7,111,116,6.5,8.2,0.073,-0.1,-0.4,-0.5,3.8,13.9,1.7,12.7,7.2,13.5,1.7,1.3,7.8,20.7,G-F,SAS
152,Devonte' Graham,-0.5,336,ATL,2,34,2018,Kansas,2018-19,2023-24,23-28,336,171,0,12.7,111,116,8.1,4.6,0.073,0.8,-1.3,-0.5,3.2,13.4,1.7,8.4,5,25.9,1.5,0.6,11.8,20.6,G,"CHO,NOP,SAS"
153,Bones Hyland,-0.5,236,DEN,1,26,2021,VCU,2021-22,2025-26,21-25,236,13,0,6.4,109,114,2.2,4.1,0.078,0,-0.5,-0.5,1.5,14.3,1.8,12,7,22.8,1.9,1.2,12.6,24.5,G,"DEN,LAC,MIN"
154,Saddiq Bey,-0.5,344,NJN,1,19,2020,Villanova,2020-21,2025-26,21-26,344,267,0,18.4,116,118,12.6,5.9,0.085,0.8,-1.4,-0.5,3.9,14.2,5.1,14.5,9.6,9.6,1.4,0.5,6.8,19.7,F,"ATL,DET,NOP"
155,Marcus Smart,-0.5,682,BOS,1,6,2014,Oklahoma State,2014-15,2025-26,20-31,682,427,0,35.4,106,109,9.6,25.8,0.085,-1.6,1,-0.5,7.3,12.2,2.9,9.7,6.3,21.1,2.6,1.1,15.5,17.8,G,"BOS,LAL,MEM,WAS"
156,Cameron Payne,-0.6,481,OKC,1,14,2015,Murray State,2015-16,2025-26,21-31,481,71,0,13.9,109,113,5.7,8.2,0.079,-0.6,-0.1,-0.6,3,13.3,1.8,10.7,6.3,26.1,1.8,1,13,21,G,"CHI,CLE,MIL,NYK,OKC,PHI,PHO"
157,Josh Richardson,-0.6,554,MIA,2,40,2015,Tennessee,2015-16,2024-25,22-31,554,322,0,27.7,109,111,10.8,16.8,0.084,-1,0.4,-0.6,5.5,12.4,2.6,9.1,5.9,13.6,1.8,1.6,11.1,18.3,G,"BOS,DAL,MIA,NOP,PHI,SAS"
158,Isaiah Jackson,-0.6,203,LAL,1,22,2021,Kentucky,2021-22,2025-26,20-24,203,45,0,9.2,122,112,5.2,4,0.143,-1.4,0.8,-0.6,1.1,18.6,13,19.8,16.3,6.6,1.9,6.7,13.6,18,C-F,"IND,LAC"
159,Andre Roberson,-0.6,307,MIN,1,26,2013,Colorado,2013-14,2020-21,22-29,307,269,0,12.6,109,106,4.2,8.4,0.089,-2.1,1.4,-0.6,2.3,9.7,5.9,13.8,9.9,5.3,2,2.4,12.2,9.5,G-F,"BRK,OKC"
160,Cody Zeller,-0.7,552,CHA,1,4,2013,Indiana,2013-14,2023-24,21-31,552,275,0,33.5,116,107,19,14.6,0.14,-1.2,0.5,-0.7,3.9,16.1,10,20,14.9,10,1.4,2.4,12.7,16.9,C-F,"CHA,CHO,MIA,NOP,POR"
161,Rondae Hollis-Jefferson,-0.7,305,POR,1,23,2015,Arizona,2015-16,2020-21,21-26,305,154,0,12.9,106,107,4.3,8.6,0.091,-1.6,0.9,-0.7,2.3,14.6,7,19.5,13.2,13.1,2,1.9,12.8,19.4,F,"BRK,POR,TOR"
162,Joe Harris,-0.7,504,CLE,2,33,2014,Virginia,2014-15,2023-24,23-32,504,283,0,23.1,116,114,15.4,7.7,0.09,0,-0.7,-0.7,4.1,12.2,2.3,10.8,6.6,9.5,0.9,0.6,11.1,16.4,G,"BRK,CLE,DET"
163,Shabazz Napier,-0.7,345,CHA,1,24,2014,Connecticut,2014-15,2019-20,23-28,345,55,0,8.1,104,110,2.5,5.6,0.065,-0.9,0.2,-0.7,2,12.9,1.9,10.2,6,21,2.3,0.7,16.5,19.8,G,"BRK,MIA,MIN,ORL,POR,WAS"
164,Skylar Mays,-0.7,105,ATL,2,50,2020,Louisiana State,2020-21,2023-24,23-26,105,16,0,2.1,116,117,1.4,0.8,0.092,-0.4,-0.3,-0.7,0.4,14.4,2.7,9.6,6.1,24.3,2.1,0.6,10.5,18.1,G,"ATL,LAL,POR"
165,Herbert Jones,-0.7,276,NOH,2,35,2021,Alabama,2021-22,2025-26,23-27,276,267,0,16.1,115,113,6.8,9.3,0.093,-2.1,1.3,-0.7,2.7,11.9,4.3,9.7,7,11.2,2.6,2.2,13.2,14.2,F,NOP
166,Harrison Barnes,-0.8,1050,GSW,1,7,2012,North Carolina,2012-13,2025-26,20-33,1050,981,0,65.1,114,113,42.2,22.9,0.096,0.2,-1,-0.8,9.7,13.6,3.6,13,8.3,8.3,1.1,0.5,8.6,18.4,F,"DAL,GSW,SAC,SAS"
167,Cole Anthony,-0.8,355,ORL,1,15,2020,North Carolina,2020-21,2025-26,20-25,355,125,0,10.6,106,113,1.2,9.4,0.06,-0.8,0,-0.8,2.6,13.9,3.2,16.1,9.6,25,1.4,1.6,14.1,24,G,"MIL,ORL"
168,Jabari Parker,-0.8,310,MIL,1,2,2014,Duke,2014-15,2021-22,19-26,310,190,0,13.8,106,111,7.2,6.7,0.078,0.3,-1.1,-0.8,2.5,16.3,6,16.5,11.2,11.8,1.6,1.2,11.9,23.3,F,"ATL,BOS,CHI,MIL,SAC,WAS"
169,Maurice Harkless,-0.8,621,PHI,1,15,2012,St. John's (NY),2012-13,2021-22,19-28,621,372,0,23,107,109,8.9,14,0.079,-1.6,0.8,-0.8,4.1,11.7,5.2,12,8.6,5.9,2.1,2.3,11.8,13.9,F-G,"LAC,MIA,NYK,ORL,POR,SAC"
170,Aaron Wiggins,-0.8,318,OKC,2,55,2021,Maryland,2021-22,2025-26,23-27,318,95,0,14.6,116,113,6.6,8,0.108,-0.7,-0.2,-0.8,1.9,13.5,4.8,11.9,8.4,9.5,1.7,1.3,11.1,17.4,G,OKC
171,Kevin Porter Jr.,-0.9,302,MIL,1,30,2019,Southern California,2019-20,2025-26,19-25,302,179,0,8.9,107,116,2.6,6.3,0.051,-0.3,-0.6,-0.9,2.4,14.7,3,13.7,8.3,26.8,2.1,1,16.6,24.1,G,"CLE,HOU,LAC,MIL"
172,Justin Hamilton,-0.9,113,PHI,2,45,2012,Louisiana State,2013-14,2016-17,23-26,113,21,0,3.7,110,109,2.1,1.6,0.091,-0.5,-0.4,-0.9,0.5,13.9,7.5,15,11.3,7.3,1.5,2.9,10.5,15.5,C,"BRK,CHA,MIA,MIN"
173,Moses Moody,-0.9,311,GSW,1,14,2021,Arkansas,2021-22,2025-26,19-23,311,102,0,11.6,117,115,5.8,5.8,0.099,-0.7,-0.3,-0.9,1.5,12.4,4,10.6,7.3,7.8,1.5,1.7,8.6,17.1,G,GSW
174,Malik Beasley,-0.9,578,DEN,1,19,2016,Florida State,2016-17,2024-25,20-28,578,209,0,20.1,111,116,10.6,9.5,0.07,0.2,-1.2,-0.9,3.7,12.4,2,10.8,6.4,8.3,1.4,0.4,7.4,19.8,G,"DEN,DET,LAL,MIL,MIN,UTA"
175,Keldon Johnson,-1,427,SAS,1,29,2019,Kentucky,2019-20,2025-26,20-26,427,232,0,21.7,114,116,12.9,8.8,0.087,0.3,-1.3,-1,3.1,15.3,4.9,16,10.4,10.9,1.2,0.7,8.8,22,G,SAS
176,Kentavious Caldwell-Pope,-1,963,DET,1,8,2013,Georgia,2013-14,2025-26,20-32,963,784,0,49.6,110,111,22.3,27.3,0.085,-1.4,0.4,-1,7.2,11.6,2.1,9,5.5,9,1.9,0.8,9.3,16.3,G,"DEN,DET,LAL,MEM,ORL,WAS"
177,Kevin Huerter,-1,530,ATL,1,19,2018,Maryland,2018-19,2025-26,20-27,530,392,0,20.5,112,116,11.2,9.3,0.067,-0.6,-0.4,-1,3.8,12.2,2.2,11.3,6.8,14.7,1.6,1.2,10.4,17.6,G,"ATL,CHI,DET,SAC"
178,Damian Jones,-1,279,GSW,1,30,2016,Vanderbilt,2016-17,2023-24,21-28,279,75,0,11.3,129,113,7.7,3.6,0.143,-1.5,0.5,-1,1,15.4,8.5,16.6,12.5,7.2,1.2,4.1,15.1,13.1,F-C,"ATL,CLE,GSW,LAL,PHO,SAC,UTA"
179,Terrence Ross,-1,733,TOR,1,8,2012,Washington,2012-13,2022-23,21-31,733,187,0,25,105,110,9.3,15.7,0.067,-0.5,-0.5,-1,4.5,12.4,1.6,11.3,6.4,8.2,1.6,1.1,8.6,20.1,F-G,"ORL,PHO,TOR"
180,Trey Lyles,-1,650,UTA,1,12,2015,Kentucky,2015-16,2024-25,20-29,650,131,0,22,111,112,10.1,11.9,0.088,-0.4,-0.6,-1,3,13.4,5.4,21,13.2,8.5,1.1,1.7,10.4,18.2,F,"DEN,DET,SAC,SAS,UTA"
181,Chuma Okeke,-1.1,198,ORL,1,16,2019,Auburn,2020-21,2024-25,22-26,198,58,0,5,105,112,0.3,4.7,0.06,-1.8,0.8,-1.1,1,11.2,4.1,16.1,10,10.5,2.1,2,9.6,14.6,F,"CLE,ORL,PHI"
182,Malik Monk,-1.1,569,CHA,1,11,2017,Kentucky,2017-18,2025-26,19-27,569,83,0,15.7,109,117,7.7,8.1,0.058,0.3,-1.4,-1.1,3,14.2,1.7,10.9,6.2,20.6,1.3,1.4,12.7,24,G,"CHO,LAL,SAC"
183,Terance Mann,-1.1,462,LAC,2,48,2019,Florida State,2019-20,2025-26,23-29,462,211,0,23.3,121,116,14.5,8.8,0.108,-1,0,-1.1,2.4,12.6,5,12.1,8.6,13,1.2,0.9,10.7,14.8,G-F,"ATL,BRK,LAC"
184,Jordan Clarkson,-1.1,805,WAS,2,46,2014,Missouri,2014-15,2025-26,22-33,805,232,0,24.9,107,116,15.1,9.9,0.055,0.6,-1.7,-1.1,5,15.1,3.4,9.6,6.5,17.1,1.4,0.5,11.2,25.8,G,"CLE,LAL,NYK,UTA"
185,Christian Braun,-1.1,259,DEN,1,21,2022,Kansas,2022-23,2025-26,21-24,259,109,0,14.5,124,116,9.1,5.4,0.112,-0.7,-0.4,-1.1,1.4,13.3,4.9,12.7,9,9.7,1.4,1.4,9.2,15.1,G,DEN
186,Jaime Jaquez Jr.,-1.1,195,MIA,1,18,2023,UCLA,2023-24,2025-26,22-24,195,38,0,9.1,111,113,2.8,6.3,0.087,-1.5,0.4,-1.1,1.1,13.9,5.2,13.5,9.3,17.9,1.8,0.9,14,20.1,G-F,MIA
187,Nickeil Alexander-Walker,-1.1,439,NJN,1,17,2019,Virginia Tech,2019-20,2025-26,21-27,439,119,0,13.2,108,114,3.1,10.1,0.064,-1,-0.1,-1.1,2.2,11.9,2.2,10.6,6.4,15.8,1.6,1.7,12.3,19.9,G,"ATL,MIN,NOP,UTA"
188,Elfrid Payton,-1.1,524,PHI,1,10,2014,Louisiana,2014-15,2024-25,20-30,524,404,0,15.1,102,110,2.6,12.6,0.052,-1,-0.1,-1.1,3.1,14.3,4.2,12.3,8.2,32.9,2.2,1,17.8,20.2,G,"CHO,NOP,NYK,ORL,PHO"
189,Kris Dunn,-1.1,464,MIN,1,5,2016,Providence,2016-17,2025-26,22-31,464,273,0,14.4,105,111,1.7,12.7,0.062,-2.8,1.6,-1.1,2.4,12.1,2.6,12.9,7.7,23.8,3,1.5,17.1,16.4,G,"ATL,CHI,LAC,MIN,POR,UTA"
190,Kai Jones,-1.2,107,NYK,1,19,2021,Texas,2021-22,2024-25,21-24,107,6,0,2.8,123,112,1.4,1.4,0.126,-2.1,0.9,-1.2,0.2,14.8,8,18,13,5.8,1.5,4.6,16.8,12.9,F-C,"CHO,DAL,LAC"
191,Tim Hardaway Jr.,-1.2,870,NYK,1,24,2013,Michigan,2013-14,2025-26,21-33,870,427,0,37.2,111,115,23.5,13.7,0.075,0.3,-1.4,-1.2,5,13.2,1.2,10.3,5.8,10.1,1.1,0.4,7.2,21.4,G,"ATL,DAL,DEN,DET,NYK"
192,Reggie Bullock,-1.2,556,LAC,1,25,2013,North Carolina,2013-14,2023-24,22-32,556,294,0,21.4,113,113,10.4,11.1,0.082,-1.2,0,-1.2,2.6,10,1.6,11.2,6.4,7.4,1.3,0.6,7.8,13.5,G-F,"DAL,DET,HOU,LAC,LAL,NYK,PHO"
193,Andrew Wiggins,-1.2,819,CLE,1,1,2014,Kansas,2014-15,2025-26,19-30,819,807,1,36.8,106,113,18.1,18.7,0.064,0.1,-1.3,-1.2,5.6,14.8,4.4,10.5,7.4,11,1.4,1.8,9.8,24.3,F-G,"GSW,MIA,MIN"
194,Jordan Miller,-1.2,81,LAC,2,48,2023,Miami (FL),2023-24,2025-26,24-26,81,0,0,2.1,115,116,1.1,1,0.087,-0.8,-0.4,-1.2,0.2,13.6,5.9,11.1,8.6,12.2,1.8,0.9,13.9,18.6,G,LAC
195,Jake LaRavia,-1.2,193,MIN,1,19,2022,Wake Forest,2022-23,2025-26,21-24,193,39,0,7.1,114,115,3,4.1,0.084,-1.4,0.2,-1.2,0.8,11.9,6.5,11.8,9.2,11.2,2.1,1.5,14.3,15.6,F,"LAL,MEM,SAC"
196,Rodney Hood,-1.2,448,UTA,1,23,2014,Duke,2014-15,2021-22,22-29,448,253,0,17.4,107,111,9.2,8.3,0.076,-0.8,-0.4,-1.2,2.2,12.1,1.6,10.3,6,10.7,1.4,0.6,8.9,19.6,G-F,"CLE,LAC,MIL,POR,TOR,UTA"
197,P.J. Washington,-1.2,432,CHA,1,12,2019,Kentucky,2019-20,2025-26,21-27,432,359,0,16,106,114,2.6,13.4,0.058,-1.3,0.1,-1.2,2.6,13,4.3,16.9,10.6,10.6,1.5,3,12,19.2,F,"CHO,DAL"
198,Markelle Fultz,-1.2,255,PHI,1,1,2017,Washington,2017-18,2024-25,19-26,255,164,0,8.4,106,112,1.5,6.9,0.066,-1.6,0.4,-1.2,1.2,14.3,4,10.9,7.4,28.3,2.3,1.1,14.9,21.4,G,"ORL,PHI,SAC"
199,Jordan Walsh,-1.2,112,SAC,2,38,2023,Arkansas,2023-24,2025-26,19-21,112,22,0,3.5,120,111,1.3,2.1,0.119,-2.4,1.2,-1.2,0.3,11.5,7.9,15.8,11.9,6,2.1,2.5,13,11.8,G-F,BOS
200,Brandon Miller,-1.2,143,CHA,1,2,2023,Alabama,2023-24,2025-26,21-23,143,137,0,3.1,106,119,0.1,3,0.033,0,-1.2,-1.2,0.9,14.1,3.1,12.6,7.8,14.8,1.5,2,11.8,26.3,F-G,CHO
201,Michael Carter-Williams,-1.2,395,PHI,1,11,2013,Syracuse,2013-14,2022-23,22-31,395,217,0,6.6,96,107,-4.8,11.4,0.032,-1.8,0.6,-1.2,1.8,13.5,4,15.1,9.4,27.8,2.5,1.8,17.7,22.7,G,"CHI,CHO,HOU,MIL,ORL,PHI"
202,Collin Sexton,-1.3,456,CLE,1,8,2018,Alabama,2018-19,2025-26,20-27,456,348,0,18.2,112,120,15.7,2.6,0.066,0.8,-2.1,-1.3,2.5,16.2,3.2,7.2,5.2,20.8,1.3,0.4,12.7,26.8,G,"CHI,CHO,CLE,UTA"
203,Keegan Murray,-1.3,255,SAC,1,4,2022,Iowa,2022-23,2025-26,22-25,255,252,0,14.1,116,117,7.3,6.8,0.081,-0.5,-0.8,-1.3,1.5,12.5,5,14.3,9.6,6.1,1.3,2.3,6.5,16.5,F,SAC
204,Marvin Bagley III,-1.3,333,SAC,1,2,2018,Duke,2018-19,2025-26,19-26,333,137,0,15.4,115,116,9.9,5.5,0.101,0.3,-1.6,-1.3,1.2,17.9,11.3,20.6,15.8,6.7,1,2.5,10,21.8,F-C,"DAL,DET,MEM,SAC,WAS"
205,Jonah Bolden,-1.3,51,PHI,2,36,2017,,2018-19,2019-20,23-24,51,10,0,1.4,109,107,0.4,1,0.098,-2.3,1,-1.3,0.1,12.2,7.9,18.7,13.5,7.9,1.4,4.7,16.9,13.7,F,"PHI,PHO"
206,Jabari Smith Jr.,-1.3,267,HOU,1,3,2022,Auburn,2022-23,2025-26,19-22,267,249,0,16.8,115,114,7.4,9.3,0.094,-1,-0.3,-1.3,1.4,12.9,5.7,19.6,12.5,6.3,1,2.5,9.1,17.7,F-C,HOU
207,Trey Burke,-1.3,498,MIN,1,9,2013,Michigan,2013-14,2021-22,21-29,498,130,0,12.9,105,112,7.7,5.3,0.06,0.2,-1.5,-1.3,1.7,13.8,1.8,7.8,4.8,24.4,1.3,0.4,10.4,23.1,G,"DAL,NYK,PHI,UTA,WAS"
208,Sam Dekker,-1.4,201,HOU,1,18,2015,Wisconsin,2015-16,2021-22,21-27,201,8,0,5.4,111,112,3,2.3,0.083,-0.8,-0.6,-1.4,0.5,12.7,6.7,14.7,10.7,7.4,1.6,1,8.8,15.4,F,"CLE,HOU,LAC,TOR,WAS"
209,Ayo Dosunmu,-1.4,330,CHI,2,38,2021,Illinois,2021-22,2025-26,22-26,330,164,0,15.9,116,117,9.3,6.6,0.084,-1.3,-0.1,-1.4,1.4,12.5,2.3,9.2,5.8,16.6,1.4,1.2,12.8,16.3,G,"CHI,MIN"
210,Saben Lee,-1.4,134,UTA,2,38,2020,Vanderbilt,2020-21,2023-24,21-24,134,8,0,3.5,111,113,1.4,2.1,0.085,-2.1,0.7,-1.4,0.3,13.7,3.4,11.6,7.4,28.1,2.4,1.3,15.4,17.8,G,"DET,PHI,PHO"
211,Gary Harris,-1.4,657,CHI,1,19,2014,Michigan State,2014-15,2025-26,20-31,657,448,0,27.4,111,113,15.1,12.3,0.076,-1.4,-0.1,-1.4,2.6,11.7,2.3,7.2,4.7,10,2,0.8,10,16.3,G,"DEN,MIL,ORL"
212,Dylan Windler,-1.4,101,CLE,1,26,2019,Belmont,2020-21,2023-24,24-27,101,0,0,1.6,109,112,0.5,1.1,0.072,-2,0.6,-1.4,0.2,10.3,4.5,17.2,10.8,10,1.6,1.2,15.4,13.3,G-F,"ATL,CLE,LAL,NYK"
213,Cheick Diallo,-1.4,183,LAC,2,33,2016,Kansas,2016-17,2021-22,20-25,183,3,0,6.3,117,108,3.5,2.9,0.139,-1.2,-0.2,-1.4,0.3,17,8.8,27.9,18.5,5.2,1.2,2.7,13.3,17,F,"DET,NOP,PHO"
214,Gary Trent Jr.,-1.4,464,SAC,2,37,2018,Duke,2018-19,2025-26,20-27,464,227,0,19.5,113,117,11.1,8.4,0.073,-0.7,-0.8,-1.4,1.8,12.6,1.3,7.6,4.4,7.5,1.9,0.6,5.3,19.5,G,"MIL,POR,TOR"
215,Marcus Sasser,-1.4,146,MEM,1,25,2023,Houston,2023-24,2025-26,23-25,146,12,0,3.4,112,118,1.7,1.7,0.071,-0.9,-0.6,-1.4,0.3,13,1.4,8.6,5,24.8,1.9,0.7,14.4,19.8,G,DET
216,Dalano Banton,-1.4,219,TOR,2,46,2021,Nebraska,2021-22,2025-26,22-26,219,19,0,2.1,103,114,-1,3.2,0.032,-1.3,-0.1,-1.4,0.5,12.6,4,13.2,8.4,20.3,1.8,2.3,13.7,23,G-F,"BOS,LAC,POR,TOR"
217,Zach Collins,-1.4,388,SAC,1,10,2017,Gonzaga,2017-18,2025-26,20-28,388,83,0,12.4,111,113,5.2,7.2,0.081,-1.7,0.2,-1.4,1,13.9,8.4,19.3,13.8,13.6,1.1,2.9,16.2,18.7,C-F,"CHI,POR,SAS"
218,Jevon Carter,-1.4,440,MEM,2,32,2018,West Virginia,2018-19,2025-26,23-30,440,49,0,8.9,108,114,2.2,6.6,0.064,-1.9,0.4,-1.4,0.9,10.4,2.2,9.6,5.9,13.9,1.9,1.4,10.5,15.8,G,"BRK,CHI,MEM,MIL,ORL,PHO"
219,Vince Williams Jr.,-1.5,134,MEM,2,47,2022,VCU,2022-23,2025-26,22-25,134,51,0,3.5,107,115,0.4,3.1,0.058,-2.1,0.6,-1.5,0.4,11.3,4.6,16.7,10.5,19.5,1.6,1.9,17.1,17.1,F,"MEM,UTA"
220,Toumani Camara,-1.5,207,PHO,2,52,2023,Dayton,2023-24,2025-26,23-25,207,186,0,9.7,114,117,4.3,5.4,0.074,-1.6,0.1,-1.5,0.8,11.4,7,12.5,9.7,9.3,1.9,1.6,13.9,14.8,F,POR
221,Meyers Leonard,-1.5,456,POR,1,11,2012,Illinois,2012-13,2022-23,20-30,456,95,0,15.8,113,109,9.2,6.7,0.104,-1.3,-0.1,-1.5,1,12,5.1,21.5,13.4,8,0.6,1.4,12.7,15,C-F,"MIA,MIL,POR"
222,Omari Spellman,-1.5,95,ATL,1,30,2018,Villanova,2018-19,2019-20,21-22,95,14,0,2.4,108,113,1.1,1.3,0.068,-0.6,-0.8,-1.5,0.2,13.4,9.1,17.2,13,8,1.6,2.6,12.4,16.9,F,"ATL,GSW"
223,Jared Butler,-1.5,148,NOH,2,40,2021,Baylor,2021-22,2024-25,21-24,148,19,0,2.5,110,118,1.2,1.3,0.059,-0.7,-0.8,-1.5,0.3,14.5,2.1,9.6,5.8,30.9,2.2,1.3,15.7,22.3,G,"OKC,PHI,UTA,WAS"
224,Udoka Azubuike,-1.5,84,UTA,1,27,2020,Kansas,2020-21,2023-24,21-24,84,10,0,2,125,111,1.1,1,0.133,-2,0.5,-1.5,0.1,15.5,9.9,25.1,17.7,2.7,0.6,4.3,17.3,12.6,C,"PHO,UTA"
225,Isaiah Stewart,-1.5,355,POR,1,16,2020,Washington,2020-21,2025-26,19-24,355,194,0,18.8,117,113,9.1,9.7,0.104,-1.6,0.1,-1.5,1.1,14,9.8,21.3,15.4,7.6,0.8,4.5,13.4,15,F-C,DET
226,Jaden McDaniels,-1.5,423,LAL,1,28,2020,Washington,2020-21,2025-26,20-25,423,347,0,22.4,113,113,8.3,14.1,0.088,-2.1,0.5,-1.5,1.5,11.6,4.3,11.6,8,8.3,1.5,2.7,11.5,15.7,F,MIN
227,James Ennis III,-1.5,395,ATL,2,50,2013,Long Beach State,2014-15,2021-22,24-31,395,140,0,16.2,114,111,9.3,6.9,0.097,-1.4,-0.1,-1.5,0.9,11.7,5.4,12.9,9.1,6.9,1.5,1.2,11.8,14.2,F,"BRK,DEN,DET,HOU,LAC,MEM,MIA,NOP,ORL,PHI"
228,Justin Anderson,-1.5,242,DAL,1,21,2015,Virginia,2015-16,2021-22,22-28,242,30,0,4.9,104,109,1.4,3.5,0.072,-1.4,-0.1,-1.5,0.4,12.4,4.7,16.3,10.4,8.4,1.6,2.1,10.3,18.4,G,"ATL,BRK,CLE,DAL,IND,PHI"
229,Anthony Black,-1.6,204,ORL,1,6,2023,Arkansas,2023-24,2025-26,20-22,204,80,0,6.8,106,112,0.2,6.6,0.068,-2.5,0.9,-1.6,0.5,11.8,2.9,11.4,7,17.1,2.1,2.1,15.1,18.8,G,ORL
230,RJ Barrett,-1.6,421,NYK,1,3,2019,Duke,2019-20,2025-26,19-25,421,420,0,15.6,106,115,3.2,12.4,0.054,-0.5,-1.1,-1.6,1.5,14.1,3,15.5,9.2,16.2,1,0.8,11.1,26,G-F,"NYK,TOR"
231,Bruce Brown,-1.6,515,DET,2,42,2018,Miami (FL),2018-19,2025-26,22-29,515,270,0,22.1,113,114,10.2,11.8,0.083,-1.9,0.3,-1.6,1.3,12.3,4.8,13.9,9.4,13.2,1.8,1.6,12.2,15.6,G-F,"BRK,DEN,DET,IND,NOP,TOR"
232,Jerian Grant,-1.6,279,WAS,1,19,2015,Notre Dame,2015-16,2019-20,23-27,279,61,0,8.3,107,110,4,4.3,0.08,-1.9,0.3,-1.6,0.5,12.5,2,9.6,5.7,23.7,2,0.5,14.4,16.8,G,"CHI,NYK,ORL,WAS"
233,Allen Crabbe,-1.6,381,CLE,2,31,2013,California,2013-14,2019-20,21-27,381,113,0,13.7,109,112,8.1,5.7,0.072,-1.2,-0.4,-1.6,0.9,10.8,1.3,11.4,6.3,7.1,1.2,0.9,8.4,16,G-F,"ATL,BRK,MIN,POR"
234,Keita Bates-Diop,-1.6,283,MIN,2,48,2018,Ohio State,2018-19,2023-24,23-28,283,67,0,7.4,114,115,3.9,3.6,0.078,-1.2,-0.4,-1.6,0.5,12.7,4.9,15.3,10,7.2,1.5,1.8,9.3,15.2,F,"BRK,DEN,MIN,PHO,SAS"
235,Kyle Kuzma,-1.6,594,NJN,1,27,2017,Utah,2017-18,2025-26,22-30,594,437,0,16,103,114,-0.4,16.4,0.042,-0.5,-1.1,-1.6,1.7,13.7,3.6,18.1,10.9,13.3,0.9,1.4,12.2,24.3,F,"LAL,MIL,WAS"
236,Coby White,-1.6,452,CHI,1,7,2019,North Carolina,2019-20,2025-26,19-25,452,251,0,18.6,110,117,9.4,9.3,0.067,-0.3,-1.3,-1.6,1.2,13.4,1.4,12.2,6.8,19.1,1.1,0.5,12,22.5,G,"CHI,CHO"
237,Chimezie Metu,-1.6,260,SAS,2,49,2018,Southern California,2018-19,2023-24,21-26,260,38,0,5.7,109,113,1.8,3.9,0.076,-1.7,0,-1.6,0.3,14.2,5.5,22.8,14.1,7.9,1.9,2.3,13.1,18.4,F-C,"DET,PHO,SAC,SAS"
238,Ivan Rabb,-1.7,85,ORL,2,35,2017,California,2017-18,2018-19,20-21,85,18,0,3.2,115,109,1.9,1.4,0.125,-1,-0.7,-1.7,0.1,16.3,11.1,22.6,16.7,11.3,1.2,2.1,14.6,17.4,F,MEM
239,Glenn Robinson III,-1.7,304,MIN,2,40,2014,Michigan,2014-15,2020-21,21-27,304,105,0,7.9,110,112,4.2,3.7,0.071,-1.1,-0.6,-1.7,0.4,11.4,4.2,12.1,8.1,6.7,1.4,0.9,8.6,14.8,G-F,"DET,GSW,IND,MIN,PHI,SAC"
240,Mouhamed Gueye,-1.7,96,CHA,2,39,2023,Washington State,2023-24,2025-26,21-23,96,33,0,3,113,112,0.9,2.1,0.095,-2.6,0.9,-1.7,0.1,12.8,8.7,17.9,13.2,7.3,2.5,4,8.5,14.1,F,ATL
241,Jaylen Clark,-1.7,94,MIN,2,53,2023,UCLA,2024-25,2025-26,23-24,94,4,0,2.8,120,113,1.2,1.6,0.109,-3.3,1.6,-1.7,0.1,10.6,6.6,7.1,6.8,6,2.9,0.7,7.4,12.4,G,MIN
242,Georges Niang,-1.7,544,IND,2,50,2016,Iowa State,2016-17,2024-25,23-31,544,32,0,15.9,112,114,6.9,9,0.08,-1,-0.7,-1.7,0.7,10.8,2,13.6,7.9,8,0.9,0.7,10,17.4,F,"ATL,CLE,IND,PHI,UTA"
243,Peyton Watson,-1.7,220,OKC,1,30,2022,UCLA,2022-23,2025-26,20-23,220,63,0,7.7,111,114,2.4,5.3,0.077,-1.9,0.2,-1.7,0.4,12.5,3.8,13.6,8.9,7.8,1.4,4.6,11.1,16.7,G-F,DEN
244,AJ Griffin,-1.7,92,ATL,1,16,2022,Duke,2022-23,2023-24,19-20,92,12,0,1.8,112,119,0.9,0.9,0.053,-0.9,-0.8,-1.7,0.1,11.3,2.7,9.3,6,6.6,1.3,0.8,7.5,17.8,F,ATL
245,Mike Scott,-1.7,555,ATL,2,43,2012,Virginia,2012-13,2020-21,24-32,555,34,0,16.8,108,109,7.9,8.9,0.088,-0.8,-0.9,-1.7,0.6,12.3,4.7,16.1,10.5,8.3,1,0.7,9.5,18.1,F,"ATL,LAC,PHI,WAS"
246,Jarace Walker,-1.8,166,WAS,1,8,2023,Houston,2023-24,2025-26,20-22,166,28,0,2.2,103,115,-0.9,3.2,0.036,-1.9,0.2,-1.8,0.2,11.4,2.8,18.9,10.8,13.1,1.9,1.6,15.2,18.7,F,IND
247,Cody Martin,-1.8,263,CHA,2,36,2019,Nevada,2019-20,2025-26,24-30,263,54,0,7.1,108,114,2,5.1,0.06,-2.6,0.8,-1.8,0.3,11.1,4.7,13.9,9.2,14,2.2,1.8,13.7,13.5,G-F,"CHO,IND,PHO"
248,Bernard James,-1.8,92,CLE,2,33,2012,Florida State,2012-13,2014-15,27-29,92,13,0,1.9,111,104,0.9,1,0.117,-2.5,0.7,-1.8,0,13.8,12.6,18.5,15.6,2.4,1.1,6.4,15.5,13.1,C,DAL
249,Josh Okogie,-1.8,469,MIN,1,20,2018,Georgia Tech,2018-19,2025-26,20-27,469,196,0,13.5,110,113,4.8,8.7,0.072,-2.4,0.6,-1.8,0.5,11.1,6.2,10.6,8.3,7.8,2.3,1.8,12.3,14.6,G,"CHO,HOU,MIN,PHO"
250,Grant Williams,-1.8,397,BOS,1,22,2019,Tennessee,2019-20,2025-26,21-27,397,111,0,16.3,114,113,6.7,9.6,0.087,-2.3,0.5,-1.8,0.5,10.1,4.7,13,8.9,8.7,1.1,2.1,14.2,13.5,F,"BOS,CHO,DAL"
251,Michael Kidd-Gilchrist,-1.8,446,CHA,1,2,2012,Kentucky,2012-13,2019-20,19-26,446,356,0,21,108,108,9.6,11.5,0.092,-2,0.2,-1.8,0.6,13.4,7,17.6,12.2,7.5,1.4,2.3,10.1,16.2,F,"CHA,CHO,DAL"
252,T.J. Leaf,-1.8,146,IND,1,18,2017,UCLA,2017-18,2020-21,20-23,146,2,0,2.7,112,109,1.3,1.4,0.104,-1,-0.8,-1.8,0.1,13.7,8.7,16.7,12.7,5.1,1,2,6.7,16.9,F,"IND,POR"
253,Landry Shamet,-1.8,432,PHI,1,26,2018,Wichita State,2018-19,2025-26,21-28,432,106,0,15.1,115,116,8.9,6.1,0.079,-1,-0.8,-1.8,0.5,10.3,1.3,7.2,4.3,9.5,1.1,0.6,8.2,16,G,"BRK,LAC,NYK,PHI,PHO,WAS"
254,Troy Brown Jr.,-1.8,356,WAS,1,15,2018,Oregon,2018-19,2023-24,19-24,356,99,0,8.6,109,114,3,5.7,0.061,-1.8,0,-1.8,0.4,10.7,4.1,16.7,10.4,10.1,1.6,0.5,10.1,14.5,G-F,"CHI,DET,LAL,MIN,WAS"
255,Jordan Poole,-1.8,443,GSW,1,28,2019,Michigan,2019-20,2025-26,20-26,443,255,0,11.6,107,117,3.7,7.8,0.046,-0.3,-1.5,-1.8,0.6,13.8,1.4,9,5.2,20.9,1.5,0.9,13.3,26.6,G,"GSW,NOP,WAS"
256,Kelly Oubre Jr.,-1.8,691,ATL,1,15,2015,Kansas,2015-16,2025-26,20-30,691,342,0,27,107,113,9,18,0.069,-1.2,-0.6,-1.8,0.9,13.3,4.2,14.6,9.3,6.4,1.9,1.6,8.4,21,F,"CHO,GSW,PHI,PHO,WAS"
257,Denzel Valentine,-1.9,256,CHI,1,14,2016,Michigan State,2016-17,2021-22,23-28,256,45,0,4.5,101,111,-0.1,4.6,0.044,-1.8,0,-1.9,0.2,10.6,2.2,17.4,9.7,14.4,1.6,0.6,11.4,18,G,"CHI,CLE,UTA"
258,Alex Len,-1.9,690,PHO,1,5,2013,Maryland,2013-14,2024-25,20-31,690,244,0,23.9,110,109,11.4,12.4,0.097,-1.9,0,-1.9,0.3,15,10.8,22.8,16.7,7.4,1,4.4,15.3,17.4,C,"ATL,LAL,PHO,SAC,TOR,WAS"
259,Miles Plumlee,-1.9,346,IND,1,26,2012,Duke,2012-13,2018-19,24-30,346,168,0,10.6,106,106,3.9,6.7,0.09,-1.9,0,-1.9,0.2,13.7,10.8,20.1,15.5,4.7,1.4,3.6,16.6,14.4,C-F,"ATL,CHO,IND,MIL,PHO"
260,John Jenkins,-1.9,171,ATL,1,23,2012,Vanderbilt,2012-13,2018-19,21-27,171,8,0,3,106,111,1.8,1.2,0.065,-0.6,-1.3,-1.9,0.1,11.7,1.9,10.9,6.4,9.9,0.7,0.5,11,17.8,G,"ATL,DAL,NYK,PHO,WAS"
261,Aaron Holiday,-1.9,484,IND,1,23,2018,UCLA,2018-19,2025-26,22-29,484,67,0,11.2,108,114,3.8,7.4,0.068,-2,0,-1.9,0.1,11.2,1.8,8.4,5.1,16.3,1.7,0.9,12.5,17.9,G,"ATL,HOU,IND,PHO,WAS"
262,Talen Horton-Tucker,-2,305,ORL,2,46,2019,Iowa State,2019-20,2024-25,19-24,305,55,0,6,105,114,0.3,5.7,0.049,-2,0,-2,0,12.8,2.7,11.9,7.3,20.9,1.9,1.6,13.6,22.3,G-F,"CHI,LAL,UTA"
263,Jalen Pickett,-2,115,IND,2,32,2023,Penn State,2023-24,2025-26,24-26,115,22,0,2.1,116,119,1.3,0.8,0.068,-1.1,-0.9,-2,0,10.6,2.7,11.1,7.1,19.3,1.2,0.6,12.7,14,G,DEN
264,Rui Hachimura,-2,384,WAS,1,9,2019,Gonzaga,2019-20,2025-26,21-27,384,254,0,17.5,114,117,10.3,7.2,0.078,-0.8,-1.2,-2,0,13.2,3.9,14.4,9.2,6.5,1.1,0.9,7.4,18,F,"LAL,WAS"
265,Shabazz Muhammad,-2,278,UTA,1,14,2013,UCLA,2013-14,2017-18,21-25,278,16,0,8.5,111,115,7.7,0.7,0.085,0.9,-2.9,-2,0,15.9,7,11.6,9.3,5.5,0.9,0.4,7.4,22.9,F-G,"MIL,MIN"
266,Tyler Zeller,-2,414,DAL,1,17,2012,North Carolina,2012-13,2019-20,23-30,414,166,0,17.1,111,108,10.4,6.6,0.113,-1.4,-0.6,-2,0,14.9,9.6,18.5,14,8.1,0.7,2.7,11.8,17.8,F-C,"ATL,BOS,BRK,CLE,MEM,MIL,SAS"
267,Festus Ezeli,-2,170,GSW,1,30,2012,Vanderbilt,2012-13,2015-16,23-26,170,61,0,5.9,107,102,2.2,3.8,0.119,-2.5,0.5,-2,0,13.4,13.8,18.9,16.5,3.7,1,5.3,16.7,14.6,C,GSW
268,Jahlil Okafor,-2,248,PHI,1,3,2015,Duke,2015-16,2024-25,20-29,248,116,0,7.2,105,111,3.3,3.9,0.071,-1.1,-0.9,-2,0,16.4,8.3,17.8,13,8.1,0.7,3.2,13.3,23.2,C-F,"BRK,DET,IND,NOP,PHI"
269,Quincy Acy,-2,337,TOR,2,37,2012,Baylor,2012-13,2018-19,22-28,337,60,0,8.7,108,109,4.4,4.4,0.078,-2,-0.1,-2,-0.1,11.2,6.3,18.1,12.1,6.1,1.3,2,12.9,13.9,F-C,"BRK,DAL,NYK,PHO,SAC,TOR"
270,Shake Milton,-2,359,DAL,2,54,2018,SMU,2018-19,2024-25,22-28,359,47,0,11.7,111,114,5.5,6.2,0.084,-1.4,-0.7,-2,-0.1,12.6,2.9,10.2,6.6,18.9,1.2,1,12.2,19.6,G,"BRK,DET,LAL,MIN,NYK,PHI"
271,Tony Snell,-2,601,CHI,1,20,2013,New Mexico,2013-14,2021-22,22-30,601,310,0,18.5,111,112,9.8,8.8,0.068,-1.7,-0.4,-2,-0.1,8.9,1.5,10,5.8,7.3,1,0.9,9.2,12.1,G-F,"ATL,CHI,DET,MIL,NOP,POR"
272,Aaron Nesmith,-2,321,BOS,1,14,2020,Vanderbilt,2020-21,2025-26,21-26,321,178,0,11.1,114,117,5.7,5.4,0.074,-1.6,-0.5,-2,-0.1,11.4,3.8,13.2,8.5,7,1.4,1.6,9.7,16.8,G-F,"BOS,IND"
273,Jaylen Nowell,-2.1,205,MIN,2,43,2019,Washington,2019-20,2024-25,20-25,205,4,0,4.7,110,117,2.3,2.3,0.064,-1,-1.1,-2.1,-0.1,13.6,2.8,11.1,6.9,16.3,1.3,0.9,8,22.2,G,"DET,MEM,MIN,NOP"
274,Taurean Prince,-2.1,590,UTA,1,12,2016,Baylor,2016-17,2025-26,22-31,590,344,0,15.2,104,113,1.8,13.4,0.05,-1.9,-0.2,-2.1,-0.2,10.7,2,13.6,7.8,10,1.6,1.4,13.5,17.6,F,"ATL,BRK,CLE,LAL,MIL,MIN"
275,Olivier-Maxence Prosper,-2.1,124,SAC,1,24,2023,Marquette,2023-24,2025-26,21-23,124,8,0,2.6,116,116,1.4,1.2,0.091,-1.1,-0.9,-2.1,0,13.3,7.6,15.5,11.6,8.4,1.6,1,8.3,16.7,F,"DAL,MEM"
276,Jordan McRae,-2.1,123,SAS,2,58,2014,Tennessee,2015-16,2019-20,24-28,123,9,0,1.7,105,114,0.8,0.9,0.048,-0.8,-1.3,-2.1,0,13.2,2.2,12.6,7.3,14.9,1.3,1.5,9.6,22.7,G,"CLE,DEN,DET,PHO,WAS"
277,Jericho Sims,-2.1,233,NYK,2,58,2021,Texas,2021-22,2025-26,23-27,233,45,0,8.3,133,114,4.6,3.7,0.122,-2.5,0.4,-2.1,-0.1,11.6,11.8,20.2,16,5.7,0.8,2.9,24.9,7.4,F-C,"MIL,NYK"
278,Sterling Brown,-2.1,268,PHI,2,46,2017,SMU,2017-18,2022-23,22-27,268,29,0,6.6,105,109,1.2,5.4,0.071,-2.4,0.3,-2.1,-0.1,10,3.7,17.4,10.6,8.2,1.5,0.9,11.7,14.5,G,"DAL,HOU,LAL,MIL"
279,Hamidou Diallo,-2.1,265,NJN,2,45,2018,Kentucky,2018-19,2023-24,20-25,265,44,0,6.2,105,112,0.7,5.5,0.06,-2.5,0.4,-2.1,-0.1,13.6,5.8,16.7,11.1,9.3,2.2,1.4,11.8,20.7,G,"DET,OKC,WAS"
280,Dennis Smith Jr.,-2.1,326,DAL,1,9,2017,NC State,2017-18,2023-24,20-26,326,152,0,2.3,98,112,-4.9,7.2,0.015,-2.3,0.2,-2.1,-0.2,12.3,3,11.1,6.9,27.9,2.4,1.3,16.1,22.6,G,"BRK,CHO,DAL,DET,NYK,POR"
281,Shaedon Sharpe,-2.1,232,POR,1,7,2022,Kentucky,2022-23,2025-26,19-22,232,134,0,5.8,108,118,1.6,4.1,0.042,-0.7,-1.4,-2.1,-0.2,13.4,3.7,12.3,7.9,12.6,1.5,0.8,11.9,24.2,G,POR
282,Max Christie,-2.1,238,LAL,2,35,2022,Michigan State,2022-23,2025-26,19-22,238,89,0,6.9,113,117,3,4,0.065,-1.8,-0.3,-2.1,-0.1,10.4,1.6,12,7,9,1.1,1.2,10.9,14.9,G,"DAL,LAL"
283,Deyonta Davis,-2.1,107,BOS,2,31,2016,Michigan State,2016-17,2018-19,20-22,107,6,0,3.6,121,109,2.2,1.3,0.131,-1.7,-0.4,-2.1,0,15.4,9,21.7,15.2,6,0.8,4.4,10.4,14.3,C-F,"ATL,MEM"
284,Dion Waiters,-2.1,419,CLE,1,4,2012,Syracuse,2012-13,2019-20,21-28,419,211,0,8.8,98,109,-0.2,9,0.036,-1.2,-0.9,-2.1,-0.4,12,1.6,8.8,5.2,16.1,1.7,0.8,12,23.5,G,"CLE,LAL,MIA,OKC"
285,Cam Thomas,-2.1,245,NJN,1,27,2021,Louisiana State,2021-22,2025-26,20-24,245,88,0,5.4,108,119,2.3,3.1,0.045,0.1,-2.2,-2.1,-0.2,14.9,1.5,10.5,6,15.6,1,0.6,9.7,28.7,G,"BRK,MIL"
286,Solomon Hill,-2.1,448,IND,1,23,2013,Arizona,2013-14,2021-22,22-30,448,189,0,11.9,103,109,2.3,9.6,0.059,-2.7,0.5,-2.1,-0.3,8.7,3.3,12.3,7.8,9.5,1.6,0.9,13.6,12.6,F,"ATL,IND,MEM,MIA,NOP"
287,Justise Winslow,-2.1,344,MIA,1,10,2015,Duke,2015-16,2022-23,19-26,344,128,0,8.2,98,108,-2.8,11,0.044,-2.9,0.7,-2.1,-0.3,10.3,4.6,17.2,10.9,14.6,1.7,1.3,14.4,17.1,F,"LAC,MEM,MIA,POR"
288,Doug McDermott,-2.1,709,DEN,1,11,2014,Creighton,2014-15,2025-26,23-34,709,97,0,21.5,114,116,15.3,6.2,0.076,-0.4,-1.7,-2.1,-0.5,11.6,2.1,9.6,5.8,7.1,0.5,0.4,8,17.5,F,"CHI,DAL,IND,NYK,OKC,SAC,SAS"
289,Precious Achiuwa,-2.2,371,MIA,1,20,2020,Memphis,2020-21,2025-26,21-26,371,107,0,13.4,111,112,4.3,9.2,0.086,-1.9,-0.3,-2.2,-0.3,14.1,10.4,21.4,15.8,7.1,1.5,3,11.8,17.2,F,"MIA,NYK,SAC,TOR"
290,Eric Paschall,-2.2,158,GSW,2,41,2019,Villanova,2019-20,2021-22,23-25,158,31,0,5,111,115,3.3,1.7,0.078,-0.7,-1.5,-2.2,-0.1,14.1,4.9,13,8.9,11,0.8,0.7,10.9,21,F,"GSW,UTA"
291,Isaac Okoro,-2.2,384,CLE,1,5,2020,Auburn,2020-21,2025-26,20-25,384,288,0,17.8,117,115,9,8.7,0.085,-2.5,0.3,-2.2,-0.6,10.1,4.1,7.8,5.9,8.3,1.4,1.3,9.7,13.2,G-F,"CHI,CLE"
292,Skal Labissière,-2.2,155,PHO,1,28,2016,Kentucky,2016-17,2025-26,20-29,155,43,0,4.5,108,111,2.4,2.1,0.082,-1.6,-0.6,-2.2,-0.2,15,9.5,19,14.2,8.9,1,3.4,13.3,19.2,F,"POR,SAC,WAS"
293,Jake Layman,-2.3,243,ORL,2,47,2016,Maryland,2016-17,2021-22,22-27,243,49,0,3.8,107,113,1.3,2.5,0.059,-1.9,-0.4,-2.3,-0.2,11.1,3.5,10.9,7.2,5.8,1.5,1.9,10.2,16.3,F,"MIN,POR"
294,Andrew Nembhard,-2.3,254,IND,2,31,2022,Gonzaga,2022-23,2025-26,23-26,254,221,0,8.3,112,119,4.3,4,0.056,-1.6,-0.7,-2.3,-0.4,11.9,1.9,8.8,5.4,24.7,1.7,0.4,15.2,17.8,G,IND
295,Isaiah Roby,-2.3,151,DET,2,45,2019,Nebraska,2019-20,2022-23,21-24,151,64,0,4,107,113,1.1,2.9,0.068,-2.4,0.2,-2.3,-0.2,13.5,6.6,18,12.2,11.5,1.8,2.5,15.5,18.1,F,"OKC,SAS"
296,DeAndre' Bembry,-2.3,296,ATL,1,21,2016,Saint Joseph's,2016-17,2021-22,22-27,296,55,0,4.4,100,111,-1.2,5.6,0.038,-3.3,1,-2.3,-0.4,10.5,3.5,14.7,9,13.2,2.4,1.9,18.1,15,F,"ATL,BRK,MIL,TOR"
297,Corey Kispert,-2.3,331,WAS,1,15,2021,Gonzaga,2021-22,2025-26,22-26,331,111,0,10.4,116,121,8.1,2.3,0.06,-0.5,-1.8,-2.3,-0.7,11.7,2.2,9.6,5.9,8.5,0.9,0.7,9.3,16.6,G-F,"ATL,WAS"
298,Darius Miller,-2.3,271,NOH,2,46,2012,Kentucky,2012-13,2020-21,22-30,271,28,0,6.5,112,114,4.4,2.2,0.059,-2,-0.3,-2.3,-0.4,8.7,1.1,8,4.6,9.1,1.1,1,11,12.5,F,"NOH,NOP,OKC"
299,Keyonte George,-2.3,190,UTA,1,16,2023,Baylor,2023-24,2025-26,20-22,190,127,0,3.8,110,124,3.5,0.3,0.032,0.2,-2.5,-2.3,-0.5,13.6,1.2,11.1,6.1,26.3,1.1,0.5,15.5,24.7,G,UTA
300,GG Jackson II,-2.4,113,MEM,2,45,2023,South Carolina,2023-24,2025-26,19-21,113,31,0,2.5,106,116,0.2,2.3,0.05,-1,-1.4,-2.4,-0.2,13.1,4.5,14.9,9.6,8.6,1.3,2.1,10.6,22.6,F,MEM
301,Marquese Chriss,-2.4,292,SAC,1,8,2016,Washington,2016-17,2021-22,19-24,292,147,0,6.5,103,110,1.1,5.4,0.058,-2.4,0.1,-2.4,-0.5,13.4,7.2,20.9,13.9,8.6,1.7,3.6,14.4,19.3,F,"CLE,DAL,GSW,HOU,PHO"
302,D.J. Wilson,-2.4,148,MIL,1,17,2017,Michigan,2017-18,2023-24,21-27,148,6,0,2.9,103,107,0.2,2.7,0.077,-2.5,0.1,-2.4,-0.2,10.9,4.7,20.5,12.8,8.2,1,2.2,11.1,16.4,F,"HOU,MIL,PHI,TOR"
303,Alize Johnson,-2.4,76,IND,2,50,2018,Missouri State,2018-19,2022-23,22-26,76,1,0,1.3,112,109,0.5,0.8,0.108,-1.6,-0.8,-2.4,-0.1,14.7,15.3,28.7,22.2,7.7,1.3,1.6,15.3,16.1,F,"BRK,CHI,IND,NOP,SAS,WAS"
304,Isaiah Canaan,-2.4,235,HOU,2,34,2013,Murray State,2013-14,2018-19,22-27,235,77,0,4.3,103,112,2.2,2.1,0.043,-1.3,-1.1,-2.4,-0.5,10.7,1.4,8.7,5,14.8,1.5,0.4,12.4,18.9,G,"CHI,HOU,MIL,MIN,PHI,PHO"
305,Jaden Ivey,-2.4,218,DET,1,5,2022,Purdue,2022-23,2025-26,20-23,218,169,0,2.9,105,119,-0.6,3.5,0.023,-1,-1.4,-2.4,-0.6,12.7,4,10.1,7,21.7,1.3,1.2,15.7,24.7,G,"CHI,DET"
306,Jeremiah Robinson-Earl,-2.4,219,NYK,2,32,2021,Villanova,2021-22,2025-26,21-25,219,69,0,6,114,116,2.9,3,0.075,-1.5,-0.9,-2.4,-0.4,12.1,8.6,17.9,13.2,7.9,1.4,0.9,10.3,14.8,F,"DAL,IND,NOP,OKC"
307,Orlando Johnson,-2.4,103,SAC,2,36,2012,UC Santa Barbara,2012-13,2015-16,23-26,103,1,0,1.4,96,103,-0.2,1.6,0.059,-2.5,0.1,-2.4,-0.1,8.5,3.4,14.4,9,9.9,0.9,1,11.9,16.5,G,"IND,NOP,PHO,SAC"
308,Shane Larkin,-2.4,256,ATL,1,18,2013,Miami (FL),2013-14,2017-18,21-25,256,41,0,4.4,100,109,1.2,3.2,0.044,-2.6,0.1,-2.4,-0.6,11.4,1.9,9.6,5.7,22.9,2.6,0.4,17.7,15.7,G,"BOS,BRK,DAL,NYK"
309,Chris McCullough,-2.5,59,NJN,1,29,2015,Syracuse,2015-16,2017-18,20-22,59,4,0,0.6,99,107,0,0.6,0.054,-2.1,-0.4,-2.5,-0.1,13.2,8.5,15.1,11.7,4.4,2.8,2.9,9,18.4,F,"BRK,WAS"
310,Patrick Williams,-2.5,331,CHI,1,4,2020,Florida State,2020-21,2025-26,19-24,331,215,0,8.6,105,115,0.2,8.4,0.048,-2.3,-0.1,-2.5,-1,10.4,3.8,12.7,8.3,7.5,1.5,2.2,13,15.9,F,CHI
311,Wendell Moore Jr.,-2.5,95,DAL,1,26,2022,Duke,2022-23,2025-26,21-24,95,3,0,1,106,113,0,0.9,0.059,-3.1,0.7,-2.5,-0.1,10.4,4.8,13.4,9.2,11.9,2.2,1.5,16.2,13.5,G-F,"CHO,DET,MIN"
312,Svi Mykhailiuk,-2.5,377,LAL,2,47,2018,Kansas,2018-19,2025-26,21-28,377,110,0,5,107,118,1.8,3.3,0.037,-1.3,-1.1,-2.5,-0.8,10.5,2.5,9.4,5.9,12.2,1.5,0.5,12.3,17.6,G-F,"BOS,CHO,DET,LAL,NYK,OKC,TOR,UTA"
313,Harry Giles,-2.5,165,POR,1,20,2017,Duke,2018-19,2023-24,20-25,165,17,0,3.1,105,110,0.8,2.3,0.076,-2.9,0.4,-2.5,-0.2,14.8,8.2,24,15.9,13.9,1.5,2.6,14.8,21.2,F-C,"BRK,LAL,POR,SAC"
314,Noah Vonleh,-2.5,362,CHA,1,9,2014,Indiana,2014-15,2022-23,19-27,362,172,0,9.4,107,109,3.2,6.2,0.077,-2.4,-0.1,-2.5,-0.7,11.8,8.9,24.3,16.5,6.6,1.2,2,14.8,13.9,F-C,"BOS,BRK,CHI,CHO,DEN,MIN,NYK,POR"
315,Miye Oni,-2.5,80,GSW,2,58,2019,Yale,2019-20,2021-22,22-24,80,1,0,1,107,111,0.2,0.8,0.07,-3.3,0.8,-2.5,-0.1,6.6,4.8,12.1,8.6,7,1.1,1.2,12.6,10.7,G,UTA
316,Lonnie Walker IV,-2.5,342,SAS,1,18,2018,Miami (FL),2018-19,2024-25,20-26,342,95,0,4.9,104,116,0.1,4.8,0.033,-1.4,-1.1,-2.5,-1,11.6,1.3,10.9,6.1,10.8,1.3,1.2,8.7,21.5,G,"BRK,LAL,PHI,SAS"
317,Ray McCallum,-2.6,154,SAC,2,36,2013,Detroit Mercy,2013-14,2015-16,22-24,154,46,0,2.1,100,110,0.7,1.4,0.035,-1.7,-0.9,-2.6,-0.4,11,3.2,9.1,6.2,20.7,1.4,0.8,13.1,17.8,G,"MEM,SAC,SAS"
318,Abdel Nader,-2.6,202,BOS,2,58,2016,Iowa State,2017-18,2021-22,24-28,202,8,0,2.8,100,109,-0.5,3.2,0.052,-3,0.4,-2.6,-0.4,9.3,2.2,13.5,7.9,6,1.4,1.8,13.4,16.7,F,"BOS,OKC,PHO"
319,Ryan Kelly,-2.6,163,LAL,2,48,2013,Duke,2013-14,2016-17,22-25,163,59,0,3,103,111,1.5,1.5,0.046,-2.3,-0.2,-2.6,-0.5,10.5,2.6,15.1,8.7,10.2,1.3,2,9.7,15.4,F,"ATL,LAL"
320,Dalen Terry,-2.6,207,CHI,1,18,2022,Arizona,2022-23,2025-26,20-23,207,7,0,2.9,109,115,0.6,2.3,0.06,-3.3,0.8,-2.6,-0.3,10.6,4.7,11.5,8.1,14.1,2.2,2,14.7,14.7,G,"CHI,PHI"
321,Nassir Little,-2.6,237,POR,1,25,2019,North Carolina,2019-20,2023-24,19-23,237,36,0,4.7,113,118,2.9,1.9,0.061,-1.6,-1,-2.6,-0.5,11.3,4.7,15.7,10.1,6.4,0.9,2.3,9.5,14.9,F,"PHO,POR"
322,Nate Wolters,-2.6,84,WAS,2,38,2013,South Dakota State,2013-14,2017-18,22-26,84,31,0,0.9,101,113,0.5,0.5,0.028,-1.7,-0.9,-2.6,-0.2,11.3,3,10.7,6.7,21.4,1.4,0.9,12.4,16.2,G,"MIL,NOP,UTA"
323,Mitch McGary,-2.6,52,OKC,1,21,2014,Michigan,2014-15,2015-16,22-23,52,2,0,1.3,104,102,0.4,0.8,0.108,-2,-0.6,-2.6,-0.1,15.4,11.2,23.8,17.6,4.8,1.5,2.5,15.3,19.1,F-C,OKC
324,Malachi Flynn,-2.6,217,TOR,1,29,2020,San Diego State,2020-21,2024-25,22-26,217,21,0,2.9,106,116,0.4,2.5,0.045,-2.4,-0.2,-2.6,-0.5,10.9,2,11.9,6.8,19.1,1.9,0.7,11.1,18.6,G,"CHO,DET,NYK,TOR"
325,Frank Mason III,-2.7,103,SAC,2,34,2017,Kansas,2017-18,2020-21,23-26,103,3,0,1.2,101,112,0.1,1.1,0.035,-1.6,-1,-2.7,-0.3,12.8,2.9,11.2,6.9,24.5,1.7,0.9,14.1,22.3,G,"MIL,ORL,SAC"
326,Josh Green,-2.7,326,DAL,1,18,2020,Arizona,2020-21,2025-26,20-25,326,129,0,10.6,115,117,5.2,5.4,0.073,-2.8,0.1,-2.7,-1.2,10,4.2,9.3,6.7,9.6,1.7,0.7,13.7,13,G-F,"CHO,DAL"
327,Jaden Springer,-2.7,110,PHI,1,28,2021,Tennessee,2021-22,2024-25,19-22,110,6,0,1.4,106,112,0,1.4,0.068,-4.4,1.7,-2.7,-0.2,11.4,6.5,10.8,8.6,11.9,3.4,2.3,14.7,16.4,G,"BOS,PHI,UTA"
328,Zeke Nnaji,-2.7,291,DEN,1,22,2020,Arizona,2020-21,2025-26,20-25,291,13,0,7.5,119,114,3.9,3.6,0.103,-2.2,-0.5,-2.7,-0.6,12.3,8.5,12.9,10.8,4.5,1.3,3.4,10.8,14.2,F,DEN
329,Brice Sensabaugh,-2.7,158,UTA,1,28,2023,Ohio State,2023-24,2025-26,20-22,158,36,0,1.9,109,123,1.3,0.6,0.028,-0.5,-2.2,-2.7,-0.6,12.6,3.3,12.7,8,11.6,1.4,0.6,13.2,21.7,F,UTA
330,De'Andre Hunter,-2.7,372,LAL,1,4,2019,Virginia,2019-20,2025-26,22-28,372,271,0,13.3,111,118,7.3,5.9,0.058,-1.4,-1.3,-2.7,-2,12,2.3,12.8,7.5,7.5,1.1,0.8,9.9,20.3,F,"ATL,CLE,SAC"
331,Stanley Johnson,-2.7,449,DET,1,8,2015,Arizona,2015-16,2022-23,19-26,449,104,0,6.9,97,109,-3.3,10.3,0.037,-3.5,0.8,-2.7,-1.6,9.2,3,14.5,8.6,10.8,2.1,1,14.3,16.4,F,"DET,LAL,NOP,SAS,TOR"
332,Ben Sheppard,-2.7,168,IND,1,26,2023,Belmont,2023-24,2025-26,22-24,168,27,0,4,115,118,1.9,2.1,0.062,-2.6,-0.1,-2.7,-0.6,8.9,3,12,7.5,9.3,1.5,0.6,7.1,12.5,G,IND
333,Davion Mitchell,-2.7,349,SAC,1,9,2021,Baylor,2021-22,2025-26,23-27,349,117,0,9.1,110,118,4,5.1,0.055,-2.3,-0.5,-2.7,-1.5,10.4,1.6,7.3,4.4,22.5,1.4,0.7,14.4,15.6,G,"MIA,SAC,TOR"
334,Caleb Houstan,-2.7,178,ORL,2,32,2022,Michigan,2022-23,2025-26,20-23,178,23,0,4,117,116,1.8,2.2,0.078,-2.3,-0.5,-2.7,-0.5,8.1,3.9,8.5,6.1,5.4,1,0.7,7.6,11.8,G-F,"ATL,ORL"
335,Patrick McCaw,-2.8,199,MIL,2,38,2016,UNLV,2016-17,2020-21,21-25,199,43,0,4.4,103,109,0.6,3.8,0.062,-3.6,0.8,-2.8,-0.6,7.8,2.2,7.9,5.2,10.2,2,0.7,14.2,11.1,G,"CLE,GSW,TOR"
336,Arnett Moultrie,-2.8,59,MIA,1,27,2012,Mississippi State,2012-13,2013-14,22-23,59,2,0,1.7,114,107,1,0.7,0.113,-1.5,-1.2,-2.8,-0.1,14.1,13,14.7,13.8,2.6,1.8,1.5,12.2,13.2,F,PHI
337,Nick Richards,-2.8,292,NOH,2,42,2020,Kentucky,2020-21,2025-26,23-28,292,110,0,13.5,125,115,8.7,4.9,0.128,-2,-0.7,-2.8,-1,16.4,11.9,24.1,17.9,4.8,0.6,4.4,15.6,15.4,F-C,"CHI,CHO,PHO"
338,Andrew Harrison,-2.8,145,PHO,2,44,2015,Kentucky,2016-17,2018-19,22-24,145,64,0,3.2,103,111,0.9,2.2,0.051,-2.8,0,-2.8,-0.6,10.3,1.9,9.3,5.5,20.4,1.6,1.5,15,17.8,G,"CLE,MEM,NOP"
339,Damyean Dotson,-2.8,213,NYK,2,44,2017,Oregon,2017-18,2021-22,23-27,213,49,0,3,105,116,1.1,1.9,0.034,-1.9,-0.9,-2.8,-0.9,10.3,1.4,12.2,6.7,11.2,1.2,0.4,9,17,G,"CLE,NYK"
340,K.J. McDaniels,-2.8,148,PHI,2,32,2014,Clemson,2014-15,2016-17,21-23,148,16,0,1.3,95,107,-0.8,2.1,0.03,-2.9,0.1,-2.8,-0.4,10.8,4.8,12.1,8.4,7.7,1.7,3.6,16.5,18.9,G-F,"BRK,HOU,PHI"
341,Jordan Nwora,-2.8,206,MIL,2,45,2020,Louisville,2020-21,2023-24,22-25,206,30,0,3,104,115,-0.1,3.1,0.043,-1.5,-1.3,-2.8,-0.7,12,4.1,16.9,10.6,9.1,1.3,1.4,12.3,20.6,F,"IND,MIL,TOR"
342,Justin Jackson,-2.8,280,POR,1,15,2017,North Carolina,2017-18,2023-24,22-28,280,61,0,5.3,108,115,2.8,2.6,0.052,-1.8,-1,-2.8,-1,10,2.5,12,7.2,8.3,0.9,0.8,6.9,15.1,G-F,"BOS,DAL,MIL,MIN,OKC,PHO,SAC"
343,Taylor Hendricks,-2.9,83,UTA,1,9,2023,UCF,2023-24,2025-26,20-22,83,34,0,1.6,112,119,0.7,0.9,0.049,-1.9,-0.9,-2.9,-0.3,10.8,6.1,16.7,11.4,5.6,1.6,2.5,10.6,14.1,F,"MEM,UTA"
344,Ochai Agbaji,-2.9,248,CLE,1,14,2022,Kansas,2022-23,2025-26,22-25,248,108,0,5.3,111,119,2.1,3.3,0.048,-2.3,-0.6,-2.9,-1.2,9.6,4.4,9.8,7,7.3,1.3,1.8,9.9,14.4,G,"BRK,TOR,UTA"
345,JD Davison,-2.9,60,BOS,2,53,2022,Alabama,2022-23,2025-26,20-23,60,0,0,0.4,103,113,-0.1,0.5,0.051,-3.4,0.6,-2.9,-0.1,9.9,2.4,12.9,7.7,21.1,1.7,1.9,17.1,17.4,G,"BOS,HOU"
346,Tyrese Martin,-2.9,115,GSW,2,51,2022,Connecticut,2022-23,2025-26,23-26,115,17,0,1.2,105,118,-0.1,1.3,0.027,-1.5,-1.3,-2.9,-0.5,10.8,5,13.9,9.2,14.6,1.4,0.6,12.2,18.7,G,"ATL,BRK,PHI"
347,Kris Murray,-2.9,168,POR,1,23,2023,Iowa,2023-24,2025-26,23-25,168,47,0,2.7,106,117,0,2.7,0.039,-3.1,0.2,-2.9,-0.8,9.2,7.1,11.2,9.1,8,1.9,1.5,12.6,13,F,POR
348,Kessler Edwards,-2.9,178,NJN,2,44,2021,Pepperdine,2021-22,2024-25,21-24,178,45,0,2.7,109,115,0.7,2.1,0.058,-2.6,-0.3,-2.9,-0.5,9.4,4.9,14,9.5,6.4,1.5,2.1,11.1,12.9,F,"BRK,DAL,SAC"
349,Markel Brown,-2.9,113,MIN,2,44,2014,Oklahoma State,2014-15,2017-18,23-26,113,35,0,1.1,97,109,-0.1,1.1,0.029,-2.6,-0.3,-2.9,-0.4,10.1,2.5,12.2,7.3,11,2,1.2,12.1,17.2,G,"BRK,HOU"
350,Davon Reed,-2.9,122,PHO,2,32,2017,Miami (FL),2017-18,2022-23,22-27,122,7,0,1.5,104,112,0.1,1.3,0.054,-2.9,0,-2.9,-0.3,9.1,2.5,15.5,9.1,9.4,1.9,1,11.7,13.4,G,"DEN,IND,LAL,PHO"
351,Bruno Fernando,-3,220,PHI,2,34,2019,Maryland,2019-20,2024-25,21-26,220,21,0,3.8,111,114,1.6,2.2,0.079,-3.2,0.2,-3,-0.6,13.9,10.8,22.7,16.6,9.8,1.2,4,17.5,16.5,F,"ATL,BOS,HOU,TOR"
352,Jeremy Sochan,-3,216,SAS,1,9,2022,Baylor,2022-23,2025-26,19-22,216,149,0,4.9,107,117,0.7,4.1,0.043,-2.3,-0.6,-3,-1.3,12.4,7.6,16.5,12,14.3,1.4,1.5,14,18.8,F-G,"NYK,SAS"
353,Edmond Sumner,-3,161,NOH,2,52,2017,Xavier,2017-18,2022-23,22-27,161,41,0,3.2,108,113,1,2.2,0.069,-2.8,-0.2,-3,-0.6,12.1,2.5,9.3,6,11.3,1.9,1.3,13.3,19.3,G,"BRK,IND"
354,Nik Stauskas,-3,343,SAC,1,8,2014,Michigan,2014-15,2021-22,21-28,343,63,0,3.9,101,113,1.1,2.8,0.028,-1.9,-1.1,-3,-1.7,9.1,1.3,10.1,5.6,11.6,1,0.9,13.5,16.3,G,"BOS,BRK,CLE,MIA,PHI,POR,SAC"
355,Archie Goodwin,-3,165,OKC,1,29,2013,Kentucky,2013-14,2016-17,19-22,165,15,0,1.1,97,110,-0.4,1.5,0.022,-2.1,-0.9,-3,-0.6,11.6,3.9,11.3,7.6,13.7,1.4,1.2,16.8,22.1,G,"BRK,NOP,PHO"
356,Patrick Baldwin Jr.,-3,96,GSW,1,28,2022,Milwaukee,2022-23,2025-26,20-23,96,7,0,0.6,103,116,-0.2,0.8,0.035,-2.2,-0.8,-3,-0.2,11.1,2.9,21.6,12.1,6.9,1.5,2.1,10.1,17.9,G-F,"GSW,LAC,PHI,WAS"
357,Chris Duarte,-3,177,IND,1,13,2021,Oregon,2021-22,2024-25,24-27,177,62,0,1.9,104,118,0,1.9,0.028,-2.1,-1,-3,-0.8,10.5,3.1,13.1,8,10,1.6,0.7,10.9,19,G,"CHI,IND,SAC"
358,Isaiah Livers,-3,126,DET,2,42,2021,Michigan,2021-22,2025-26,23-27,126,33,0,2,109,119,0.6,1.4,0.04,-2.7,-0.3,-3,-0.6,8.1,3.5,11.1,7.1,6.2,1.3,1.8,11,11.9,F,"DET,PHO"
359,Tyler Dorsey,-3,107,ATL,2,41,2017,Oregon,2017-18,2022-23,21-26,107,16,0,1.1,102,114,0.3,0.8,0.031,-1.3,-1.7,-3,-0.5,10.7,2.9,13.3,8.1,12.4,0.9,0.4,8.3,19.9,G,"ATL,DAL,MEM"
360,Austin Rivers,-3.1,707,NOH,1,10,2012,Duke,2012-13,2022-23,20-30,707,184,0,15.2,103,113,5.4,9.8,0.043,-2.4,-0.7,-3.1,-4.5,9.7,1.5,8,4.8,13.2,1.5,0.6,11.2,17.2,G,"DEN,HOU,LAC,MIN,NOH,NOP,NYK,WAS"
361,Ben McLemore,-3.1,556,SAC,1,7,2013,Kansas,2013-14,2021-22,20-28,556,268,0,9,103,113,3.4,5.6,0.035,-1.9,-1.1,-3.1,-3.4,9.8,2,9.3,5.6,6.9,1.4,0.7,11.6,18.1,G,"HOU,LAL,MEM,POR,SAC"
362,Sindarius Thornwell,-3.1,160,MIL,2,48,2017,South Carolina,2017-18,2020-21,23-26,160,18,0,1.1,98,111,-0.3,1.5,0.032,-4,0.9,-3.1,-0.5,7.6,2.6,10.3,6.5,8.5,2.1,1.7,17.1,12,G,"LAC,NOP,ORL"
363,Justin James,-3.1,72,SAC,2,40,2019,Wyoming,2019-20,2020-21,23-24,72,0,0,0.3,103,117,0,0.2,0.024,-1.7,-1.4,-3.1,-0.2,11.2,3,9.9,6.4,10.4,1.2,2.1,9.5,19.4,G,SAC
364,Robbie Hummel,-3.1,98,MIN,2,58,2012,Purdue,2013-14,2014-15,24-25,98,9,0,1.9,110,111,1.3,0.7,0.066,-2.2,-0.9,-3.1,-0.4,9.6,5.1,16.5,10.6,5.3,1.1,0.6,7.1,12.3,F,MIN
365,Cam Reddish,-3.1,254,ATL,1,10,2019,Duke,2019-20,2024-25,20-25,254,116,0,3.3,101,115,-1.3,4.5,0.027,-3,-0.1,-3.1,-1.7,9.6,2.7,9.9,6.3,7,2.1,1.4,11.8,17.2,F,"ATL,LAL,NYK,POR"
366,Bennedict Mathurin,-3.1,242,IND,1,6,2022,Arizona,2022-23,2025-26,20-23,242,109,0,7.7,110,119,3.7,3.9,0.053,-1.2,-2,-3.1,-2,13.4,4.2,13.7,8.9,9.1,1.1,0.7,11.8,23.7,G-F,"IND,LAC"
367,Kobe Brown,-3.1,124,LAC,1,30,2023,Missouri,2023-24,2025-26,24-26,124,1,0,1.5,111,116,0.5,1,0.064,-2.7,-0.5,-3.1,-0.3,10,7.6,14.7,11.2,10.2,1.4,1.1,12.5,13.9,G-F,"IND,LAC"
368,Dillon Brooks,-3.2,542,HOU,2,45,2017,Oregon,2017-18,2025-26,22-30,542,515,0,16.9,105,114,2.8,14.1,0.051,-2.5,-0.8,-3.2,-5.1,11.1,2.8,9.3,6,9.9,1.5,0.7,9.4,22.1,F-G,"HOU,MEM,PHO"
369,Jalen McDaniels,-3.3,252,CHA,2,52,2019,San Diego State,2019-20,2024-25,22-27,252,45,0,5.3,107,114,0.9,4.3,0.056,-3.1,-0.1,-3.3,-1.5,11,4.2,15.8,9.9,9,1.8,1.7,12.1,16.7,F,"CHO,PHI,TOR,WAS"
370,Cory Jefferson,-3.3,58,SAS,2,60,2014,Baylor,2014-15,2015-16,24-25,58,1,0,0.9,102,106,0.3,0.6,0.071,-2.2,-1.1,-3.3,-0.2,13.2,10.2,20.8,15.5,4.4,0.9,3,8.5,18.4,F,"BRK,PHO"
371,Noah Clowney,-3.3,120,NJN,1,21,2023,Alabama,2023-24,2025-26,19-21,120,69,0,2.4,107,118,0.3,2.2,0.04,-2.3,-0.9,-3.3,-0.9,10.9,4.4,15.1,9.5,7.8,1.2,2.5,11.7,19.1,F,BRK
372,Ziaire Williams,-3.3,252,NOH,1,10,2021,Stanford,2021-22,2025-26,20-24,252,100,0,5.5,106,115,0.2,5.2,0.049,-2.9,-0.3,-3.3,-1.7,10.2,3.2,13.2,8,7.9,1.8,1.3,11.3,17.6,F,"BRK,MEM"
373,Julian Phillips,-3.3,157,BOS,2,35,2023,Tennessee,2023-24,2025-26,20-22,157,7,0,2.5,115,118,1.2,1.3,0.067,-3,-0.3,-3.3,-0.6,9.6,6.1,8.7,7.4,4.2,1.7,1.7,8.2,12.9,F,"CHI,MIN"
374,James Young,-3.4,95,BOS,1,17,2014,Kentucky,2014-15,2017-18,19-22,95,0,0,0.8,99,108,0.1,0.7,0.046,-3.1,-0.3,-3.4,-0.3,7.4,2.5,10.4,6.4,4.8,1.5,0.5,6.1,13.2,G-F,"BOS,PHI"
375,Colby Jones,-3.4,70,CHA,2,34,2023,Xavier,2023-24,2025-26,21-23,70,0,0,0.6,105,116,0,0.7,0.041,-3.9,0.5,-3.4,-0.2,10.7,5.7,14.1,9.9,12.8,2.2,2.4,12.9,15.2,G,"DET,SAC,WAS"
376,Jabari Walker,-3.4,237,POR,2,57,2022,Colorado,2022-23,2025-26,20-23,237,30,0,6.1,114,116,2.7,3.4,0.08,-2.6,-0.8,-3.4,-1.3,12.4,9.2,21.8,15.2,6.6,1.4,1.3,10.6,16.1,F-C,"PHI,POR"
377,Tyler Ennis,-3.4,186,PHO,1,18,2014,Syracuse,2014-15,2017-18,20-23,186,21,0,1.3,97,110,-0.5,1.8,0.026,-3.1,-0.3,-3.4,-0.8,10.3,2.3,9.5,5.9,22.8,2.1,0.6,17.5,18.2,G,"HOU,LAL,MIL,PHO"
378,Romeo Langford,-3.4,141,BOS,1,14,2019,Indiana,2019-20,2022-23,20-23,141,32,0,2,106,115,0.3,1.8,0.043,-3.1,-0.3,-3.4,-0.8,8.5,5.4,8.8,7.1,5.7,1.3,1.7,9.4,13.4,G,"BOS,SAS"
379,Semi Ojeleye,-3.4,284,BOS,2,37,2017,SMU,2017-18,2021-22,23-27,284,24,0,5.2,108,112,1.4,3.8,0.061,-3,-0.4,-3.4,-1.5,7,3.9,12.3,8.1,4,0.9,0.4,9,10.9,F,"BOS,LAC,MIL"
380,Tony Wroten,-3.4,145,MEM,1,25,2012,Washington,2012-13,2015-16,19-22,145,34,0,-1.3,91,109,-3.5,2.1,-0.021,-1.8,-1.7,-3.4,-1.1,12.6,3.6,9.5,6.4,25.5,2.2,0.7,18.6,28.3,G,"MEM,PHI"
381,Kendall Marshall,-3.5,160,PHO,1,13,2012,North Carolina,2012-13,2015-16,21-24,160,57,0,1,97,112,-0.2,1.2,0.015,-1.5,-1.9,-3.5,-1.1,10.7,0.8,8.2,4.5,37.1,1.7,0.2,25.8,15.8,G,"LAL,MIL,PHI,PHO"
382,Kira Lewis Jr.,-3.5,131,NOH,1,13,2020,Alabama,2020-21,2023-24,19-22,131,0,0,1.3,104,116,0,1.3,0.036,-3,-0.5,-3.5,-0.6,10.5,2.2,8.5,5.3,18.7,1.9,0.8,10.6,19.3,G,"NOP,TOR,UTA"
383,Josh Huestis,-3.5,76,OKC,1,29,2014,Stanford,2015-16,2017-18,24-26,76,10,0,0.7,93,109,-0.4,1.1,0.03,-3.5,0,-3.5,-0.4,6,4.8,14.1,9.3,2.9,0.7,4,11.8,9.8,F,OKC
384,Thomas Robinson,-3.5,313,SAC,1,5,2012,Kansas,2012-13,2016-17,21-25,313,12,0,4.6,97,105,-0.6,5.2,0.053,-2.7,-0.8,-3.5,-1.6,14,14,25.7,19.8,7.2,1.9,2,16.8,19.8,F,"BRK,HOU,LAL,PHI,POR,SAC"
385,Tre Mann,-3.5,219,OKC,1,18,2021,Florida,2021-22,2025-26,20-24,219,60,0,1.9,102,116,-1.7,3.6,0.02,-2.7,-0.8,-3.5,-1.7,11,2.5,12.1,7.3,16.4,1.8,0.7,12.2,21.2,G,"CHO,OKC"
386,Perry Jones,-3.5,143,OKC,1,28,2012,Baylor,2012-13,2014-15,21-23,143,21,0,1.7,98,107,0,1.7,0.048,-3,-0.5,-3.5,-0.6,8.5,3.3,13.1,8.4,4.7,1.1,1.6,10.6,14.9,F,OKC
387,Christian Koloko,-3.5,115,TOR,2,33,2022,Arizona,2022-23,2025-26,22-25,115,23,0,2.9,117,113,1.1,1.8,0.097,-4.3,0.8,-3.5,-0.6,11.1,10.8,14.6,12.7,5.5,1.4,6.1,12.4,10.4,C,"ATL,LAL,MEM,TOR"
388,Lorenzo Brown,-3.5,103,MIN,2,52,2013,NC State,2013-14,2018-19,23-28,103,7,0,-0.2,89,109,-1.1,0.9,-0.007,-3.9,0.4,-3.5,-0.5,9,2.6,11.7,7.1,22.7,2.5,1,17.2,15.7,G,"MIN,PHI,PHO,TOR"
389,Andrew Nicholson,-3.6,285,ORL,1,19,2012,St. Bonaventure,2012-13,2016-17,23-27,285,36,0,3.8,99,108,0.5,3.3,0.045,-2.6,-1,-3.6,-1.6,12.2,5.2,18.5,11.8,5.1,0.9,1.9,11.5,20.3,F,"BRK,ORL,WAS"
390,Tyler Ulis,-3.6,133,PHO,2,34,2016,Kentucky,2016-17,2018-19,21-23,133,58,0,0.5,99,115,-0.5,0.9,0.008,-2.2,-1.4,-3.6,-1.1,11.3,1.7,7.1,4.3,29,2,0.3,16.1,19.2,G,"CHI,PHO"
391,Mfiondu Kabengele,-3.6,55,NJN,1,27,2019,Florida State,2019-20,2022-23,22-25,55,0,0,0.4,102,110,-0.1,0.5,0.055,-3.4,-0.2,-3.6,-0.2,10.9,5.2,18.4,11.8,7.2,1.5,3.5,11.4,18,F,"BOS,CLE,LAC"
392,Brandon Boston Jr.,-3.7,147,MEM,2,51,2021,Kentucky,2021-22,2024-25,20-23,147,11,0,1,102,116,-0.9,1.9,0.021,-3,-0.7,-3.7,-1,11.7,3.3,11.8,7.6,11.2,2.1,1.1,9.8,22.3,G-F,"LAC,NOP"
393,Henry Ellenson,-3.7,83,DET,1,18,2016,Marquette,2016-17,2020-21,20-24,83,2,0,0.4,97,110,-0.4,0.8,0.023,-2.4,-1.3,-3.7,-0.3,10.7,3.8,25.1,14.2,9.5,0.8,0.3,10.4,22,F,"BRK,DET,NYK,TOR"
394,Josh Jackson,-3.8,291,PHO,1,4,2017,Kansas,2017-18,2021-22,20-24,291,92,0,-1.7,94,113,-6.9,5.2,-0.012,-2.9,-0.9,-3.8,-3.1,11.4,4,15,9.4,12.6,1.8,2.1,13.9,24.5,F-G,"DET,MEM,PHO,SAC"
395,Andre Jackson Jr.,-3.9,152,ORL,2,36,2023,Connecticut,2023-24,2025-26,22-24,152,51,0,2.1,109,116,0.4,1.7,0.058,-3.9,0,-3.9,-0.8,8.3,7.8,12.4,10.2,11.5,1.6,1.2,20.8,11.7,G,MIL
396,Wes Iwundu,-3.9,226,ORL,2,33,2017,Kansas State,2017-18,2021-22,23-27,226,51,0,4.2,105,112,0.9,3.3,0.053,-4,0.1,-3.9,-1.8,8.2,3.2,12.6,7.9,7.4,1.3,1.1,11,12.4,F,"ATL,DAL,NOP,ORL"
397,MarJon Beauchamp,-3.9,137,MIL,1,24,2022,,2022-23,2025-26,22-25,137,12,0,1.2,104,115,-0.3,1.6,0.04,-3.1,-0.8,-3.9,-0.7,9.5,5.3,13.4,9.5,7.4,1.3,0.9,14.6,17.6,G,"LAC,MIL,NYK,PHI"
398,Chandler Hutchison,-3.9,103,CHI,1,22,2018,Boise State,2018-19,2021-22,22-25,103,25,0,1.1,98,112,-0.6,1.7,0.03,-3.7,-0.2,-3.9,-0.9,9.4,3.3,19.9,11.4,6.2,1.7,0.9,12.1,15,G,"CHI,PHO,WAS"
399,Quincy Miller,-3.9,69,DEN,2,38,2012,Baylor,2012-13,2014-15,20-22,69,16,0,-0.1,88,107,-1,0.9,-0.003,-3.6,-0.3,-3.9,-0.5,8.4,4.7,14.9,9.8,5.8,1.6,2.9,13.8,17.8,F,"DEN,DET,SAC"
400,Frank Jackson,-3.9,214,CHA,2,31,2017,Duke,2018-19,2022-23,20-24,214,31,0,2.5,104,117,0.9,1.5,0.031,-2.1,-1.8,-3.9,-1.9,10.4,2.2,8.6,5.4,8.4,1,0.4,9,20.3,G,"DET,NOP,UTA"
401,P.J. Hairston,-3.9,111,MIA,1,26,2014,North Carolina,2014-15,2015-16,22-23,111,54,0,0.9,92,107,-1.1,1.9,0.021,-3.4,-0.6,-3.9,-1,7.6,2.5,12.4,7.3,4.6,1.4,1,8,17.7,G-F,"CHO,MEM"
402,Josh Christopher,-3.9,152,HOU,1,24,2021,Arizona State,2021-22,2024-25,20-23,152,4,0,0.2,100,118,-1,1.1,0.003,-2.6,-1.3,-3.9,-1.1,11.9,3.6,9.8,6.7,16.2,2.3,1.3,16.1,21.5,G,"HOU,MIA"
403,Gradey Dick,-4,172,TOR,1,13,2023,Kansas,2023-24,2025-26,20-22,172,72,0,2.9,107,118,0.4,2.6,0.038,-2.6,-1.4,-4,-1.9,10.1,3.1,10.2,6.6,7.6,1.6,0.5,10,18.9,G,TOR
404,David Roddy,-4,168,PHI,1,23,2022,Colorado State,2022-23,2024-25,21-23,168,20,0,1.7,102,115,-1.1,2.8,0.029,-3.3,-0.7,-4,-1.4,9.2,4.3,14.4,9.3,8.6,1.2,1.3,11.7,17.2,F,"ATL,HOU,MEM,PHI,PHO"
405,James Wiseman,-4,152,GSW,1,2,2020,Memphis,2020-21,2025-26,19-24,152,56,0,4.3,110,115,1.5,2.7,0.072,-2.9,-1.1,-4,-1.5,14.4,9.3,23.1,16.1,6,0.5,3.1,13.6,19.9,C,"DET,GSW,IND"
406,Robert Sacre,-4,189,LAL,2,60,2012,Gonzaga,2012-13,2015-16,23-26,189,35,0,2.4,101,110,0.9,1.5,0.042,-3.4,-0.7,-4,-1.4,10.8,8.2,15.3,11.7,7,1,3.1,11,14.9,C,LAL
407,Jalen Wilson,-4,159,NJN,2,51,2023,Kansas,2023-24,2025-26,23-25,159,25,0,3.1,110,119,1.4,1.7,0.046,-2.7,-1.4,-4,-1.7,9.5,4.3,12.1,8,9.7,1,0.3,9.9,16.2,F,BRK
408,Erick Green,-4,52,UTA,2,46,2013,Virginia Tech,2014-15,2015-16,23-24,52,1,0,0.1,97,112,0,0.1,0.011,-2.8,-1.2,-4,-0.2,9.3,2.4,6.7,4.5,14.7,1.4,0,7.2,18.7,G,"DEN,UTA"
409,Jett Howard,-4.1,115,ORL,1,11,2023,Michigan,2023-24,2025-26,20-22,115,0,0,0.9,103,115,-0.3,1.2,0.035,-3,-1.1,-4.1,-0.6,8.6,3.2,9.3,6.1,10.2,0.9,1.7,9.1,19,G,ORL
410,Joe Young,-4.1,127,IND,2,43,2015,Oregon,2015-16,2017-18,23-25,127,1,0,0.4,95,109,-0.6,0.9,0.016,-3,-1.2,-4.1,-0.6,10.2,2,11.4,6.7,17,1.5,0.1,12.3,21.5,G,IND
411,Keon Johnson,-4.2,161,NYK,1,21,2021,Tennessee,2021-22,2024-25,19-22,161,68,0,-0.3,97,116,-2.9,2.5,-0.005,-3.4,-0.8,-4.2,-1.7,9.9,3.5,12.4,7.8,15.7,2.1,1.5,13.4,22.1,G,"BRK,LAC,POR"
412,Jeff Taylor,-4.2,132,CHA,2,31,2012,Vanderbilt,2012-13,2014-15,23-25,132,50,0,1.3,99,111,0.3,1,0.024,-3.2,-1.1,-4.2,-1.5,8.9,3.5,8.3,5.8,6.9,1.5,0.7,10.1,16.2,F,"CHA,CHO"
413,Jarell Martin,-4.3,184,MEM,1,25,2015,Louisiana State,2015-16,2018-19,21-24,184,40,0,3.2,102,110,0.6,2.7,0.053,-3.5,-0.8,-4.3,-1.7,10.5,7.2,18,12.5,6.1,1.2,2.3,12.9,17.1,F,"MEM,ORL"
414,C.J. Wilcox,-4.3,66,LAC,1,28,2014,Washington,2014-15,2016-17,24-26,66,0,0,0.1,92,109,-0.3,0.3,0.007,-3.7,-0.6,-4.3,-0.2,8.8,1.7,7.3,4.5,11.8,2,0.9,11.2,19.1,G,"LAC,ORL"
415,Julian Strawther,-4.4,150,IND,1,29,2023,Gonzaga,2023-24,2025-26,21-23,150,11,0,2.2,108,118,0.5,1.7,0.044,-3.1,-1.3,-4.4,-1.5,10,1.5,10.8,6.3,9.1,1.5,0.9,9.4,18.9,F,DEN
416,Kevin Knox,-4.4,320,NYK,1,9,2018,Kentucky,2018-19,2024-25,19-25,320,77,0,0.9,99,116,-2.3,3.2,0.008,-2.8,-1.6,-4.4,-3.4,9.4,3.2,14.1,8.6,6.2,1,1.3,10.1,19.6,F,"ATL,DET,GSW,NYK,POR"
417,JT Thor,-4.5,185,DET,2,37,2021,Auburn,2021-22,2024-25,19-22,185,11,0,1.2,104,118,-0.3,1.5,0.026,-3.9,-0.7,-4.5,-1.5,8.4,5.2,13.7,9.3,5.3,1,2.8,11.8,12.5,F,"CHO,CLE,WAS"
418,Jarrett Culver,-4.5,144,PHO,1,6,2019,Texas Tech,2019-20,2022-23,20-23,144,43,0,-0.1,95,113,-2.1,2.1,-0.001,-3.9,-0.6,-4.5,-1.6,9.3,5.3,12.2,8.6,10,1.9,1.8,11.9,19.1,G,"ATL,MEM,MIN"
419,Admiral Schofield,-4.6,131,PHI,2,42,2019,Tennessee,2019-20,2023-24,22-26,131,3,0,1.2,108,117,0.4,0.8,0.043,-3.6,-1,-4.6,-0.9,7.9,4,13.3,8.6,8,0.7,0.9,11.1,13.8,G-F,"ORL,WAS"
420,Darrun Hilliard,-4.7,91,DET,2,38,2015,Villanova,2015-16,2017-18,22-24,91,3,0,0.3,94,109,-0.5,0.8,0.016,-4.2,-0.4,-4.7,-0.6,7.7,0.9,10.3,5.4,12,1.3,0.3,14.2,18.4,G,"DET,SAS"
421,Kay Felder,-4.7,58,ATL,2,54,2016,Oakland,2016-17,2017-18,21-22,58,0,0,-0.4,89,111,-0.9,0.4,-0.041,-4.3,-0.4,-4.7,-0.4,9.3,1.3,10.9,6.1,22.5,2,1.2,15.3,25.3,G,"CHI,CLE,DET"
422,KZ Okpala,-4.7,98,PHO,2,32,2019,Stanford,2019-20,2022-23,20-23,98,12,0,1,104,113,0,1,0.05,-5,0.2,-4.7,-0.7,7,4.8,12.6,8.7,6.5,1.2,2.7,11.1,11.6,F,"MIA,SAC"
423,Rashad Vaughn,-4.7,139,MIL,1,17,2015,UNLV,2015-16,2017-18,19-21,139,8,0,-0.6,88,111,-1.5,0.9,-0.017,-3.7,-1,-4.7,-1.2,5.9,1.2,9.6,5.4,6.4,1.6,1.5,8.9,14.5,G,"BRK,MIL,ORL"
424,Bryce McGowens,-4.8,153,MIN,2,40,2022,Nebraska,2022-23,2025-26,20-23,153,33,0,2,111,121,1.1,0.9,0.039,-3.5,-1.3,-4.8,-1.7,9.3,2.2,10,6,8.8,1.2,0.8,10.9,14.9,G-F,"CHO,NOP,POR"
425,Anthony Bennett,-4.8,151,CLE,1,1,2013,UNLV,2013-14,2016-17,20-23,151,4,0,0.5,94,109,-0.9,1.4,0.013,-3.3,-1.5,-4.8,-1.3,10.2,7.6,20.5,13.9,6.5,1.5,1.1,12.1,19,F,"BRK,CLE,MIN,TOR"
426,Jordan Mickey,-4.8,64,BOS,2,33,2015,Louisiana State,2015-16,2017-18,21-23,64,4,0,0.5,96,105,-0.2,0.7,0.05,-4.6,-0.3,-4.8,-0.3,10.9,8.5,21.1,14.8,5.2,0.9,4.6,15.1,17,F,"BOS,MIA"
427,Jerome Robinson,-4.8,135,LAC,1,13,2018,Boston College,2018-19,2023-24,21-26,135,12,0,-0.2,93,113,-1.5,1.4,-0.004,-4.5,-0.3,-4.8,-1.2,6.7,1.3,12.2,6.8,10.7,1.4,1.5,12.3,16.7,G,"GSW,LAC,WAS"
428,Jordan Hawkins,-4.9,161,NOH,1,14,2023,Connecticut,2023-24,2025-26,21-23,161,19,0,0.1,102,121,-1.1,1.2,0.001,-2.3,-2.5,-4.9,-2.2,9.1,2.5,11.1,6.7,7.6,0.9,1.2,8.7,19.9,G,NOP
429,Ignas Brazdeikis,-4.9,64,SAC,2,47,2019,Michigan,2019-20,2021-22,21-23,64,1,0,0.4,103,116,0,0.4,0.024,-3,-1.9,-4.9,-0.6,9.6,4.5,10.9,7.7,10.6,0.8,0.8,8.9,17.9,F,"NYK,ORL,PHI"
430,Kyle Guy,-4.9,53,NYK,2,55,2019,Virginia,2019-20,2021-22,22-24,53,0,0,0.1,99,116,-0.2,0.3,0.006,-3.5,-1.4,-4.9,-0.3,8.9,2.3,11.5,6.9,15.9,1.5,0.2,12.2,19.9,G,"MIA,SAC"
431,Malaki Branham,-4.9,216,SAS,1,20,2022,Ohio State,2022-23,2025-26,19-22,216,61,0,0.1,103,122,-1,1.1,0.001,-2.9,-2.1,-4.9,-2.9,9.8,2.1,10,6,12.8,1,0.4,11.8,19.9,G,"SAS,WAS"
432,Isaiah Whitehead,-5,89,UTA,2,42,2016,Seton Hall,2016-17,2017-18,21-22,89,26,0,-0.9,91,112,-2,1.1,-0.025,-4.2,-0.8,-5,-1.4,7.9,2.1,10,6.1,17.9,1.3,1.6,20.3,19.2,G,BRK
433,Carsen Edwards,-5.1,72,PHI,2,33,2019,Purdue,2019-20,2021-22,21-23,72,1,0,0.3,98,113,-0.4,0.6,0.019,-4.1,-1,-5.1,-0.5,8.1,1.7,10.5,6.1,10.4,1.4,0.7,8.7,18.8,G,"BOS,DET"
434,Dwayne Bacon,-5.1,207,NOH,2,40,2017,Florida State,2017-18,2020-21,22-25,207,80,0,0.8,99,115,-1.4,2.2,0.01,-4,-1.1,-5.1,-3.1,8.9,1.5,13.1,7.1,8.7,1.2,0.3,7.4,18.1,G,"CHO,ORL"
435,Semaj Christon,-5.1,64,MIA,2,55,2014,Xavier,2016-17,2016-17,24,64,1,0,0.1,91,111,-0.7,0.8,0.006,-4.8,-0.3,-5.1,-0.8,5.7,2.2,7.8,4.9,18.1,1.4,0.6,15.4,12.2,G,OKC
436,Greg Brown III,-5.1,70,NOH,2,43,2021,Texas,2021-22,2023-24,20-22,70,6,0,0.2,98,114,-0.4,0.6,0.015,-4.6,-0.5,-5.1,-0.6,10.4,5.9,17.7,11.6,7.9,1.9,4.1,14.7,17.5,F,"DAL,POR"
437,Tyrone Wallace,-5.2,112,UTA,2,60,2016,California,2017-18,2021-22,23-27,112,19,0,0.1,94,112,-1.1,1.2,0.003,-4.6,-0.6,-5.2,-1.4,8.1,2.8,11.9,7.4,10.4,1.6,1.1,13.6,17.2,G,"ATL,LAC,NOP"
438,CJ Elleby,-5.2,88,POR,2,46,2020,Washington State,2020-21,2021-22,20-21,88,28,0,0.5,103,117,-0.1,0.6,0.018,-3.8,-1.4,-5.2,-1.1,9.2,6,15.1,10.4,10.1,1.5,1.6,12.7,15.2,F,POR
439,Joshua Primo,-5.3,56,SAS,1,12,2021,Alabama,2021-22,2023-24,19-21,56,16,0,-0.2,94,116,-0.9,0.7,-0.011,-4,-1.2,-5.3,-0.9,6.9,3.4,9.2,6.3,11.7,0.9,2,18,15.8,G,"LAC,SAS"
440,Wade Baldwin,-5.3,56,MEM,1,17,2016,Vanderbilt,2016-17,2018-19,20-22,56,1,0,-0.3,86,108,-1,0.6,-0.028,-5.4,0.1,-5.3,-0.5,7.1,2.7,10.8,6.7,20,1.9,1.6,22.7,19.4,G,"MEM,POR"
441,Jawun Evans,-5.4,56,PHI,2,39,2017,Oklahoma State,2017-18,2018-19,21-22,56,4,0,-0.4,88,111,-1,0.6,-0.022,-5.8,0.4,-5.4,-0.7,6.7,1.3,11.1,6.3,17.9,2.2,0.6,14.8,17.3,G,"LAC,OKC,PHO"
442,Blake Wesley,-5.5,171,SAS,1,25,2022,Notre Dame,2022-23,2025-26,19-22,171,4,0,-0.3,98,119,-1.8,1.5,-0.006,-4.9,-0.5,-5.5,-2.1,8.4,2.3,9.4,5.8,22.7,2.1,0.7,19.6,16.6,G,"POR,SAS"
443,TyTy Washington Jr.,-5.7,63,MEM,1,29,2022,Kentucky,2022-23,2025-26,21-24,63,2,0,-0.2,99,120,-0.4,0.3,-0.012,-4.6,-1.1,-5.7,-0.6,8.1,1.4,9.7,5.5,16.8,1.9,0.6,7.5,17.5,G,"HOU,LAC,MIL,PHO"
444,Hunter Tyson,-5.7,90,OKC,2,37,2023,Clemson,2023-24,2025-26,23-25,90,4,0,0.4,104,118,-0.1,0.4,0.028,-4,-1.6,-5.7,-0.6,8.1,5.7,16.2,11.2,7.9,1,1,9.1,16.2,F,DEN
445,Jared Cunningham,-5.7,84,CLE,1,24,2012,Oregon State,2012-13,2015-16,21-24,84,3,0,0.2,93,107,-0.3,0.5,0.017,-5.3,-0.4,-5.7,-0.6,6.8,1.1,9.3,5.2,9.3,1.8,0.3,13.2,18.1,G,"ATL,CLE,DAL,LAC,MIL,SAC"
446,Nick Smith Jr.,-5.7,136,CHA,1,27,2023,Arkansas,2023-24,2025-26,19-21,136,28,0,-1.1,100,122,-1.7,0.5,-0.023,-3.1,-2.6,-5.7,-2.3,8.4,1.5,8.6,5,14.8,0.7,0.6,12.1,20.7,G,"CHO,LAL"
447,Doron Lamb,-5.8,100,MIL,2,42,2012,Kentucky,2012-13,2013-14,21-22,100,0,0,0.1,95,112,-0.3,0.4,0.005,-4.2,-1.6,-5.8,-1.2,6.3,1.4,7,4.2,8.8,1,0.1,13,14.4,G,"MIL,ORL"
448,Cleanthony Early,-5.9,56,NYK,2,34,2014,Wichita State,2014-15,2015-16,23-24,56,9,0,-0.6,85,109,-1.1,0.5,-0.039,-4.4,-1.5,-5.9,-0.8,7.2,3.6,14.1,8.8,8.5,1.7,1.5,15,18.7,F,NYK
449,James Bouknight,-5.9,79,CHA,1,11,2021,Connecticut,2021-22,2023-24,21-23,79,0,0,-0.3,96,118,-0.9,0.5,-0.017,-3.8,-2,-5.9,-0.9,8.4,3.6,12.3,7.9,11.4,1.2,0.7,10.8,21.3,G,CHO
450,Adreian Payne,-5.9,107,ATL,1,15,2014,Michigan State,2014-15,2017-18,23-26,107,24,0,-0.6,89,110,-1.4,0.8,-0.019,-5,-0.9,-5.9,-1.4,8,6.4,19.6,12.9,7.3,1.6,1.6,16,17.8,F-C,"ATL,MIN,ORL"
451,Malachi Richardson,-6.1,70,CHA,1,22,2016,Syracuse,2016-17,2018-19,21-23,70,4,0,-0.1,93,113,-0.4,0.3,-0.009,-4.8,-1.3,-6.1,-0.7,6.2,1.8,11,6.3,5.7,1.3,0.3,11.1,16.7,G,"SAC,TOR"
452,Johnny Davis,-6.2,112,WAS,1,10,2022,Wisconsin,2022-23,2024-25,20-22,112,11,0,-0.4,96,119,-1.1,0.7,-0.013,-5.2,-1,-6.2,-1.3,7.3,3.2,11.5,7.4,7.5,1.6,1.6,7.9,15.7,G,WAS
453,Caleb Swanigan,-6.2,75,POR,1,26,2017,Purdue,2017-18,2019-20,20-22,75,4,0,-0.2,88,109,-0.9,0.7,-0.015,-6.6,0.4,-6.2,-0.7,6.8,9.7,25.5,17.7,11.4,1,1.4,28.9,16.5,F,"POR,SAC"
454,Johnny O'Bryant,-6.2,147,MIL,2,36,2014,Louisiana State,2014-15,2017-18,21-24,147,19,0,0.2,93,110,-0.9,1.1,0.006,-4.4,-1.8,-6.2,-1.8,8,8.7,14.9,11.8,6.2,1,1,11.8,17.2,F-C,"CHO,DEN,MIL"
455,Elijah Hughes,-6.4,54,NOH,2,39,2020,Syracuse,2020-21,2021-22,22-23,54,4,0,-0.4,88,115,-0.7,0.3,-0.039,-4.7,-1.7,-6.4,-0.5,5.8,1.5,13.3,7.4,8,1.5,1.7,11.3,17.6,F,"POR,UTA"
456,Marquis Teague,-6.5,91,CHI,1,29,2012,Kentucky,2012-13,2017-18,19-24,91,3,0,-0.9,80,106,-1.8,0.9,-0.045,-6.2,-0.3,-6.5,-1,4.9,0.6,10.9,5.7,23.1,1.3,1,22,17.8,G,"BRK,CHI,MEM"
457,Maxwell Lewis,-6.6,62,DEN,2,40,2023,Pepperdine,2023-24,2024-25,21-22,62,1,0,-0.2,92,118,-0.5,0.3,-0.024,-4.9,-1.6,-6.6,-0.5,6.6,5.1,10.7,7.8,8.4,1.3,1.8,15.1,16.1,F,"BRK,LAL"
458,Jacob Evans,-7.4,59,GSW,1,28,2018,Cincinnati,2018-19,2019-20,21-22,59,2,0,-0.6,86,115,-0.9,0.3,-0.047,-6.2,-1.3,-7.4,-0.8,4.8,2.6,8.9,5.7,11.7,1.2,2.1,15.2,16.2,G-F,"GSW,MIN"
459,Tyshawn Taylor,-8.1,61,POR,2,41,2012,Kansas,2012-13,2013-14,22-23,61,3,0,-0.9,80,108,-1.3,0.4,-0.088,-6.8,-1.3,-8.1,-0.8,5.8,1.2,6.8,4,19,2.7,0.2,21.6,24.6,G,BRK